// Generated by tools/sign.js demo — demo images (as if they had been
// downloaded from an update server).
#pragma once
#include <stdint.h>

static const uint8_t IMG_FACTORY_V1[4224] = {
  0x46, 0x57, 0x49, 0x4d, 0x01, 0x00, 0x00, 0x00, 0x00, 0x00, 0x01, 0x00, 0x00, 0x10, 0x00, 0x00,
  0xb3, 0x62, 0x6a, 0x5d, 0xcf, 0xef, 0x84, 0x92, 0x0c, 0x48, 0x6d, 0xad, 0x19, 0x0d, 0x7c, 0x9c,
  0x1a, 0x1b, 0xe2, 0x1b, 0x44, 0x21, 0x70, 0x9a, 0x7a, 0xaa, 0xec, 0x25, 0x37, 0xf9, 0x6b, 0x06,
  0x76, 0x31, 0x2e, 0x30, 0x20, 0x66, 0x61, 0x63, 0x74, 0x6f, 0x72, 0x79, 0x00, 0x00, 0x00, 0x00,
  0xba, 0x0c, 0xff, 0x44, 0xc6, 0xa1, 0xfd, 0xc7, 0x8f, 0x21, 0xc0, 0x77, 0x39, 0xa1, 0xa6, 0xa3,
  0xff, 0xc8, 0xc9, 0xe7, 0x6b, 0xb9, 0x50, 0xa3, 0x7b, 0x24, 0x3c, 0x97, 0x63, 0x88, 0x9f, 0xc6,
  0xf5, 0x96, 0x5c, 0x27, 0x8a, 0x33, 0xbd, 0x35, 0x07, 0x7f, 0xa2, 0xce, 0x97, 0xe0, 0xd8, 0x1e,
  0x63, 0xc6, 0xd5, 0xff, 0x68, 0x41, 0xc4, 0x2e, 0x11, 0xd3, 0x74, 0x76, 0xbf, 0x2d, 0xd2, 0xab,
  0x6e, 0x61, 0x6d, 0x65, 0x3d, 0x76, 0x31, 0x2e, 0x30, 0x20, 0x66, 0x61, 0x63, 0x74, 0x6f, 0x72,
  0x79, 0x3b, 0x62, 0x6c, 0x69, 0x6e, 0x6b, 0x3d, 0x31, 0x30, 0x30, 0x30, 0x3b, 0x73, 0x65, 0x6c,
  0x66, 0x74, 0x65, 0x73, 0x74, 0x3d, 0x6f, 0x6b, 0x3b, 0x6d, 0x73, 0x67, 0x3d, 0x46, 0x61, 0x63,
  0x74, 0x6f, 0x72, 0x79, 0x20, 0x66, 0x69, 0x72, 0x6d, 0x77, 0x61, 0x72, 0x65, 0x00, 0x1e, 0xc2,
  0x56, 0x71, 0x0e, 0x26, 0xcd, 0x40, 0xbd, 0x46, 0x08, 0xef, 0x75, 0xf7, 0xf4, 0x98, 0x86, 0x8a,
  0x71, 0x27, 0xa7, 0x9c, 0x3e, 0x92, 0x6b, 0xf0, 0x9e, 0x87, 0xb8, 0x78, 0x29, 0x42, 0xbe, 0x62,
  0xb6, 0x91, 0xee, 0xc6, 0x2d, 0xa0, 0x5d, 0xa6, 0xe8, 0x0f, 0x95, 0x57, 0x54, 0x38, 0x26, 0x2a,
  0xd1, 0x87, 0x07, 0x3c, 0x9e, 0x32, 0x0b, 0x90, 0xfe, 0xe7, 0xd8, 0x18, 0x49, 0x22, 0xde, 0x02,
  0x16, 0x31, 0x4e, 0x66, 0x8d, 0x00, 0xfd, 0x06, 0x48, 0xaf, 0x35, 0xb7, 0xb4, 0xd8, 0xc6, 0xca,
  0x31, 0x67, 0xe7, 0xdc, 0x7e, 0xd2, 0xab, 0x30, 0x5e, 0x47, 0x78, 0xb8, 0xe9, 0x82, 0x7e, 0xa2,
  0x76, 0x51, 0x2e, 0x06, 0xed, 0x60, 0x9d, 0x66, 0x28, 0xcf, 0x55, 0x17, 0x14, 0x78, 0x66, 0x6a,
  0x91, 0xc7, 0x47, 0x7c, 0xde, 0x72, 0x4b, 0xd0, 0xbe, 0xa7, 0x98, 0x58, 0x09, 0x62, 0x9e, 0x42,
  0xd6, 0xf1, 0x8e, 0xa6, 0x4d, 0xc0, 0x3d, 0xc6, 0x88, 0x6f, 0xf5, 0x77, 0x74, 0x18, 0x06, 0x0a,
  0xf1, 0xa7, 0x27, 0x1c, 0xbe, 0x12, 0xeb, 0x70, 0x1e, 0x07, 0x38, 0xf8, 0xa9, 0xc2, 0x3e, 0xe2,
  0x36, 0x11, 0x6e, 0x46, 0xad, 0x20, 0xdd, 0x26, 0x68, 0x8f, 0x15, 0xd7, 0xd4, 0xb8, 0xa6, 0xaa,
  0x51, 0x07, 0x87, 0xbc, 0x1e, 0xb2, 0x8b, 0x10, 0x7e, 0x67, 0x58, 0x98, 0xc9, 0xa2, 0x5e, 0x82,
  0x96, 0xb1, 0xce, 0xe6, 0x0d, 0x80, 0x7d, 0x86, 0xc8, 0x2f, 0xb5, 0x37, 0x34, 0x58, 0x46, 0x4a,
  0xb1, 0xe7, 0x67, 0x5c, 0xfe, 0x52, 0x2b, 0xb0, 0xde, 0xc7, 0xf8, 0x38, 0x69, 0x02, 0xfe, 0x22,
  0xf6, 0xd1, 0xae, 0x86, 0x6d, 0xe0, 0x1d, 0xe6, 0xa8, 0x4f, 0xd5, 0x97, 0x94, 0xf8, 0xe6, 0xea,
  0x11, 0x47, 0xc7, 0xfc, 0x5e, 0xf2, 0xcb, 0x50, 0x3e, 0x27, 0x18, 0xd8, 0x89, 0xe2, 0x1e, 0xc2,
  0x56, 0x71, 0x0e, 0x26, 0xcd, 0x40, 0xbd, 0x46, 0x08, 0xef, 0x75, 0xf7, 0xf4, 0x98, 0x86, 0x8a,
  0x71, 0x27, 0xa7, 0x9c, 0x3e, 0x92, 0x6b, 0xf0, 0x9e, 0x87, 0xb8, 0x78, 0x29, 0x42, 0xbe, 0x62,
  0xb6, 0x91, 0xee, 0xc6, 0x2d, 0xa0, 0x5d, 0xa6, 0xe8, 0x0f, 0x95, 0x57, 0x54, 0x38, 0x26, 0x2a,
  0xd1, 0x87, 0x07, 0x3c, 0x9e, 0x32, 0x0b, 0x90, 0xfe, 0xe7, 0xd8, 0x18, 0x49, 0x22, 0xde, 0x02,
  0x16, 0x31, 0x4e, 0x66, 0x8d, 0x00, 0xfd, 0x06, 0x48, 0xaf, 0x35, 0xb7, 0xb4, 0xd8, 0xc6, 0xca,
  0x31, 0x67, 0xe7, 0xdc, 0x7e, 0xd2, 0xab, 0x30, 0x5e, 0x47, 0x78, 0xb8, 0xe9, 0x82, 0x7e, 0xa2,
  0x76, 0x51, 0x2e, 0x06, 0xed, 0x60, 0x9d, 0x66, 0x28, 0xcf, 0x55, 0x17, 0x14, 0x78, 0x66, 0x6a,
  0x91, 0xc7, 0x47, 0x7c, 0xde, 0x72, 0x4b, 0xd0, 0xbe, 0xa7, 0x98, 0x58, 0x09, 0x62, 0x9e, 0x42,
  0xd6, 0xf1, 0x8e, 0xa6, 0x4d, 0xc0, 0x3d, 0xc6, 0x88, 0x6f, 0xf5, 0x77, 0x74, 0x18, 0x06, 0x0a,
  0xf1, 0xa7, 0x27, 0x1c, 0xbe, 0x12, 0xeb, 0x70, 0x1e, 0x07, 0x38, 0xf8, 0xa9, 0xc2, 0x3e, 0xe2,
  0x36, 0x11, 0x6e, 0x46, 0xad, 0x20, 0xdd, 0x26, 0x68, 0x8f, 0x15, 0xd7, 0xd4, 0xb8, 0xa6, 0xaa,
  0x51, 0x07, 0x87, 0xbc, 0x1e, 0xb2, 0x8b, 0x10, 0x7e, 0x67, 0x58, 0x98, 0xc9, 0xa2, 0x5e, 0x82,
  0x96, 0xb1, 0xce, 0xe6, 0x0d, 0x80, 0x7d, 0x86, 0xc8, 0x2f, 0xb5, 0x37, 0x34, 0x58, 0x46, 0x4a,
  0xb1, 0xe7, 0x67, 0x5c, 0xfe, 0x52, 0x2b, 0xb0, 0xde, 0xc7, 0xf8, 0x38, 0x69, 0x02, 0xfe, 0x22,
  0xf6, 0xd1, 0xae, 0x86, 0x6d, 0xe0, 0x1d, 0xe6, 0xa8, 0x4f, 0xd5, 0x97, 0x94, 0xf8, 0xe6, 0xea,
  0x11, 0x47, 0xc7, 0xfc, 0x5e, 0xf2, 0xcb, 0x50, 0x3e, 0x27, 0x18, 0xd8, 0x89, 0xe2, 0x1e, 0xc2,
  0x56, 0x71, 0x0e, 0x26, 0xcd, 0x40, 0xbd, 0x46, 0x08, 0xef, 0x75, 0xf7, 0xf4, 0x98, 0x86, 0x8a,
  0x71, 0x27, 0xa7, 0x9c, 0x3e, 0x92, 0x6b, 0xf0, 0x9e, 0x87, 0xb8, 0x78, 0x29, 0x42, 0xbe, 0x62,
  0xb6, 0x91, 0xee, 0xc6, 0x2d, 0xa0, 0x5d, 0xa6, 0xe8, 0x0f, 0x95, 0x57, 0x54, 0x38, 0x26, 0x2a,
  0xd1, 0x87, 0x07, 0x3c, 0x9e, 0x32, 0x0b, 0x90, 0xfe, 0xe7, 0xd8, 0x18, 0x49, 0x22, 0xde, 0x02,
  0x16, 0x31, 0x4e, 0x66, 0x8d, 0x00, 0xfd, 0x06, 0x48, 0xaf, 0x35, 0xb7, 0xb4, 0xd8, 0xc6, 0xca,
  0x31, 0x67, 0xe7, 0xdc, 0x7e, 0xd2, 0xab, 0x30, 0x5e, 0x47, 0x78, 0xb8, 0xe9, 0x82, 0x7e, 0xa2,
  0x76, 0x51, 0x2e, 0x06, 0xed, 0x60, 0x9d, 0x66, 0x28, 0xcf, 0x55, 0x17, 0x14, 0x78, 0x66, 0x6a,
  0x91, 0xc7, 0x47, 0x7c, 0xde, 0x72, 0x4b, 0xd0, 0xbe, 0xa7, 0x98, 0x58, 0x09, 0x62, 0x9e, 0x42,
  0xd6, 0xf1, 0x8e, 0xa6, 0x4d, 0xc0, 0x3d, 0xc6, 0x88, 0x6f, 0xf5, 0x77, 0x74, 0x18, 0x06, 0x0a,
  0xf1, 0xa7, 0x27, 0x1c, 0xbe, 0x12, 0xeb, 0x70, 0x1e, 0x07, 0x38, 0xf8, 0xa9, 0xc2, 0x3e, 0xe2,
  0x36, 0x11, 0x6e, 0x46, 0xad, 0x20, 0xdd, 0x26, 0x68, 0x8f, 0x15, 0xd7, 0xd4, 0xb8, 0xa6, 0xaa,
  0x51, 0x07, 0x87, 0xbc, 0x1e, 0xb2, 0x8b, 0x10, 0x7e, 0x67, 0x58, 0x98, 0xc9, 0xa2, 0x5e, 0x82,
  0x96, 0xb1, 0xce, 0xe6, 0x0d, 0x80, 0x7d, 0x86, 0xc8, 0x2f, 0xb5, 0x37, 0x34, 0x58, 0x46, 0x4a,
  0xb1, 0xe7, 0x67, 0x5c, 0xfe, 0x52, 0x2b, 0xb0, 0xde, 0xc7, 0xf8, 0x38, 0x69, 0x02, 0xfe, 0x22,
  0xf6, 0xd1, 0xae, 0x86, 0x6d, 0xe0, 0x1d, 0xe6, 0xa8, 0x4f, 0xd5, 0x97, 0x94, 0xf8, 0xe6, 0xea,
  0x11, 0x47, 0xc7, 0xfc, 0x5e, 0xf2, 0xcb, 0x50, 0x3e, 0x27, 0x18, 0xd8, 0x89, 0xe2, 0x1e, 0xc2,
  0x56, 0x71, 0x0e, 0x26, 0xcd, 0x40, 0xbd, 0x46, 0x08, 0xef, 0x75, 0xf7, 0xf4, 0x98, 0x86, 0x8a,
  0x71, 0x27, 0xa7, 0x9c, 0x3e, 0x92, 0x6b, 0xf0, 0x9e, 0x87, 0xb8, 0x78, 0x29, 0x42, 0xbe, 0x62,
  0xb6, 0x91, 0xee, 0xc6, 0x2d, 0xa0, 0x5d, 0xa6, 0xe8, 0x0f, 0x95, 0x57, 0x54, 0x38, 0x26, 0x2a,
  0xd1, 0x87, 0x07, 0x3c, 0x9e, 0x32, 0x0b, 0x90, 0xfe, 0xe7, 0xd8, 0x18, 0x49, 0x22, 0xde, 0x02,
  0x16, 0x31, 0x4e, 0x66, 0x8d, 0x00, 0xfd, 0x06, 0x48, 0xaf, 0x35, 0xb7, 0xb4, 0xd8, 0xc6, 0xca,
  0x31, 0x67, 0xe7, 0xdc, 0x7e, 0xd2, 0xab, 0x30, 0x5e, 0x47, 0x78, 0xb8, 0xe9, 0x82, 0x7e, 0xa2,
  0x76, 0x51, 0x2e, 0x06, 0xed, 0x60, 0x9d, 0x66, 0x28, 0xcf, 0x55, 0x17, 0x14, 0x78, 0x66, 0x6a,
  0x91, 0xc7, 0x47, 0x7c, 0xde, 0x72, 0x4b, 0xd0, 0xbe, 0xa7, 0x98, 0x58, 0x09, 0x62, 0x9e, 0x42,
  0xd6, 0xf1, 0x8e, 0xa6, 0x4d, 0xc0, 0x3d, 0xc6, 0x88, 0x6f, 0xf5, 0x77, 0x74, 0x18, 0x06, 0x0a,
  0xf1, 0xa7, 0x27, 0x1c, 0xbe, 0x12, 0xeb, 0x70, 0x1e, 0x07, 0x38, 0xf8, 0xa9, 0xc2, 0x3e, 0xe2,
  0x36, 0x11, 0x6e, 0x46, 0xad, 0x20, 0xdd, 0x26, 0x68, 0x8f, 0x15, 0xd7, 0xd4, 0xb8, 0xa6, 0xaa,
  0x51, 0x07, 0x87, 0xbc, 0x1e, 0xb2, 0x8b, 0x10, 0x7e, 0x67, 0x58, 0x98, 0xc9, 0xa2, 0x5e, 0x82,
  0x96, 0xb1, 0xce, 0xe6, 0x0d, 0x80, 0x7d, 0x86, 0xc8, 0x2f, 0xb5, 0x37, 0x34, 0x58, 0x46, 0x4a,
  0xb1, 0xe7, 0x67, 0x5c, 0xfe, 0x52, 0x2b, 0xb0, 0xde, 0xc7, 0xf8, 0x38, 0x69, 0x02, 0xfe, 0x22,
  0xf6, 0xd1, 0xae, 0x86, 0x6d, 0xe0, 0x1d, 0xe6, 0xa8, 0x4f, 0xd5, 0x97, 0x94, 0xf8, 0xe6, 0xea,
  0x11, 0x47, 0xc7, 0xfc, 0x5e, 0xf2, 0xcb, 0x50, 0x3e, 0x27, 0x18, 0xd8, 0x89, 0xe2, 0x1e, 0xc2,
  0x56, 0x71, 0x0e, 0x26, 0xcd, 0x40, 0xbd, 0x46, 0x08, 0xef, 0x75, 0xf7, 0xf4, 0x98, 0x86, 0x8a,
  0x71, 0x27, 0xa7, 0x9c, 0x3e, 0x92, 0x6b, 0xf0, 0x9e, 0x87, 0xb8, 0x78, 0x29, 0x42, 0xbe, 0x62,
  0xb6, 0x91, 0xee, 0xc6, 0x2d, 0xa0, 0x5d, 0xa6, 0xe8, 0x0f, 0x95, 0x57, 0x54, 0x38, 0x26, 0x2a,
  0xd1, 0x87, 0x07, 0x3c, 0x9e, 0x32, 0x0b, 0x90, 0xfe, 0xe7, 0xd8, 0x18, 0x49, 0x22, 0xde, 0x02,
  0x16, 0x31, 0x4e, 0x66, 0x8d, 0x00, 0xfd, 0x06, 0x48, 0xaf, 0x35, 0xb7, 0xb4, 0xd8, 0xc6, 0xca,
  0x31, 0x67, 0xe7, 0xdc, 0x7e, 0xd2, 0xab, 0x30, 0x5e, 0x47, 0x78, 0xb8, 0xe9, 0x82, 0x7e, 0xa2,
  0x76, 0x51, 0x2e, 0x06, 0xed, 0x60, 0x9d, 0x66, 0x28, 0xcf, 0x55, 0x17, 0x14, 0x78, 0x66, 0x6a,
  0x91, 0xc7, 0x47, 0x7c, 0xde, 0x72, 0x4b, 0xd0, 0xbe, 0xa7, 0x98, 0x58, 0x09, 0x62, 0x9e, 0x42,
  0xd6, 0xf1, 0x8e, 0xa6, 0x4d, 0xc0, 0x3d, 0xc6, 0x88, 0x6f, 0xf5, 0x77, 0x74, 0x18, 0x06, 0x0a,
  0xf1, 0xa7, 0x27, 0x1c, 0xbe, 0x12, 0xeb, 0x70, 0x1e, 0x07, 0x38, 0xf8, 0xa9, 0xc2, 0x3e, 0xe2,
  0x36, 0x11, 0x6e, 0x46, 0xad, 0x20, 0xdd, 0x26, 0x68, 0x8f, 0x15, 0xd7, 0xd4, 0xb8, 0xa6, 0xaa,
  0x51, 0x07, 0x87, 0xbc, 0x1e, 0xb2, 0x8b, 0x10, 0x7e, 0x67, 0x58, 0x98, 0xc9, 0xa2, 0x5e, 0x82,
  0x96, 0xb1, 0xce, 0xe6, 0x0d, 0x80, 0x7d, 0x86, 0xc8, 0x2f, 0xb5, 0x37, 0x34, 0x58, 0x46, 0x4a,
  0xb1, 0xe7, 0x67, 0x5c, 0xfe, 0x52, 0x2b, 0xb0, 0xde, 0xc7, 0xf8, 0x38, 0x69, 0x02, 0xfe, 0x22,
  0xf6, 0xd1, 0xae, 0x86, 0x6d, 0xe0, 0x1d, 0xe6, 0xa8, 0x4f, 0xd5, 0x97, 0x94, 0xf8, 0xe6, 0xea,
  0x11, 0x47, 0xc7, 0xfc, 0x5e, 0xf2, 0xcb, 0x50, 0x3e, 0x27, 0x18, 0xd8, 0x89, 0xe2, 0x1e, 0xc2,
  0x56, 0x71, 0x0e, 0x26, 0xcd, 0x40, 0xbd, 0x46, 0x08, 0xef, 0x75, 0xf7, 0xf4, 0x98, 0x86, 0x8a,
  0x71, 0x27, 0xa7, 0x9c, 0x3e, 0x92, 0x6b, 0xf0, 0x9e, 0x87, 0xb8, 0x78, 0x29, 0x42, 0xbe, 0x62,
  0xb6, 0x91, 0xee, 0xc6, 0x2d, 0xa0, 0x5d, 0xa6, 0xe8, 0x0f, 0x95, 0x57, 0x54, 0x38, 0x26, 0x2a,
  0xd1, 0x87, 0x07, 0x3c, 0x9e, 0x32, 0x0b, 0x90, 0xfe, 0xe7, 0xd8, 0x18, 0x49, 0x22, 0xde, 0x02,
  0x16, 0x31, 0x4e, 0x66, 0x8d, 0x00, 0xfd, 0x06, 0x48, 0xaf, 0x35, 0xb7, 0xb4, 0xd8, 0xc6, 0xca,
  0x31, 0x67, 0xe7, 0xdc, 0x7e, 0xd2, 0xab, 0x30, 0x5e, 0x47, 0x78, 0xb8, 0xe9, 0x82, 0x7e, 0xa2,
  0x76, 0x51, 0x2e, 0x06, 0xed, 0x60, 0x9d, 0x66, 0x28, 0xcf, 0x55, 0x17, 0x14, 0x78, 0x66, 0x6a,
  0x91, 0xc7, 0x47, 0x7c, 0xde, 0x72, 0x4b, 0xd0, 0xbe, 0xa7, 0x98, 0x58, 0x09, 0x62, 0x9e, 0x42,
  0xd6, 0xf1, 0x8e, 0xa6, 0x4d, 0xc0, 0x3d, 0xc6, 0x88, 0x6f, 0xf5, 0x77, 0x74, 0x18, 0x06, 0x0a,
  0xf1, 0xa7, 0x27, 0x1c, 0xbe, 0x12, 0xeb, 0x70, 0x1e, 0x07, 0x38, 0xf8, 0xa9, 0xc2, 0x3e, 0xe2,
  0x36, 0x11, 0x6e, 0x46, 0xad, 0x20, 0xdd, 0x26, 0x68, 0x8f, 0x15, 0xd7, 0xd4, 0xb8, 0xa6, 0xaa,
  0x51, 0x07, 0x87, 0xbc, 0x1e, 0xb2, 0x8b, 0x10, 0x7e, 0x67, 0x58, 0x98, 0xc9, 0xa2, 0x5e, 0x82,
  0x96, 0xb1, 0xce, 0xe6, 0x0d, 0x80, 0x7d, 0x86, 0xc8, 0x2f, 0xb5, 0x37, 0x34, 0x58, 0x46, 0x4a,
  0xb1, 0xe7, 0x67, 0x5c, 0xfe, 0x52, 0x2b, 0xb0, 0xde, 0xc7, 0xf8, 0x38, 0x69, 0x02, 0xfe, 0x22,
  0xf6, 0xd1, 0xae, 0x86, 0x6d, 0xe0, 0x1d, 0xe6, 0xa8, 0x4f, 0xd5, 0x97, 0x94, 0xf8, 0xe6, 0xea,
  0x11, 0x47, 0xc7, 0xfc, 0x5e, 0xf2, 0xcb, 0x50, 0x3e, 0x27, 0x18, 0xd8, 0x89, 0xe2, 0x1e, 0xc2,
  0x56, 0x71, 0x0e, 0x26, 0xcd, 0x40, 0xbd, 0x46, 0x08, 0xef, 0x75, 0xf7, 0xf4, 0x98, 0x86, 0x8a,
  0x71, 0x27, 0xa7, 0x9c, 0x3e, 0x92, 0x6b, 0xf0, 0x9e, 0x87, 0xb8, 0x78, 0x29, 0x42, 0xbe, 0x62,
  0xb6, 0x91, 0xee, 0xc6, 0x2d, 0xa0, 0x5d, 0xa6, 0xe8, 0x0f, 0x95, 0x57, 0x54, 0x38, 0x26, 0x2a,
  0xd1, 0x87, 0x07, 0x3c, 0x9e, 0x32, 0x0b, 0x90, 0xfe, 0xe7, 0xd8, 0x18, 0x49, 0x22, 0xde, 0x02,
  0x16, 0x31, 0x4e, 0x66, 0x8d, 0x00, 0xfd, 0x06, 0x48, 0xaf, 0x35, 0xb7, 0xb4, 0xd8, 0xc6, 0xca,
  0x31, 0x67, 0xe7, 0xdc, 0x7e, 0xd2, 0xab, 0x30, 0x5e, 0x47, 0x78, 0xb8, 0xe9, 0x82, 0x7e, 0xa2,
  0x76, 0x51, 0x2e, 0x06, 0xed, 0x60, 0x9d, 0x66, 0x28, 0xcf, 0x55, 0x17, 0x14, 0x78, 0x66, 0x6a,
  0x91, 0xc7, 0x47, 0x7c, 0xde, 0x72, 0x4b, 0xd0, 0xbe, 0xa7, 0x98, 0x58, 0x09, 0x62, 0x9e, 0x42,
  0xd6, 0xf1, 0x8e, 0xa6, 0x4d, 0xc0, 0x3d, 0xc6, 0x88, 0x6f, 0xf5, 0x77, 0x74, 0x18, 0x06, 0x0a,
  0xf1, 0xa7, 0x27, 0x1c, 0xbe, 0x12, 0xeb, 0x70, 0x1e, 0x07, 0x38, 0xf8, 0xa9, 0xc2, 0x3e, 0xe2,
  0x36, 0x11, 0x6e, 0x46, 0xad, 0x20, 0xdd, 0x26, 0x68, 0x8f, 0x15, 0xd7, 0xd4, 0xb8, 0xa6, 0xaa,
  0x51, 0x07, 0x87, 0xbc, 0x1e, 0xb2, 0x8b, 0x10, 0x7e, 0x67, 0x58, 0x98, 0xc9, 0xa2, 0x5e, 0x82,
  0x96, 0xb1, 0xce, 0xe6, 0x0d, 0x80, 0x7d, 0x86, 0xc8, 0x2f, 0xb5, 0x37, 0x34, 0x58, 0x46, 0x4a,
  0xb1, 0xe7, 0x67, 0x5c, 0xfe, 0x52, 0x2b, 0xb0, 0xde, 0xc7, 0xf8, 0x38, 0x69, 0x02, 0xfe, 0x22,
  0xf6, 0xd1, 0xae, 0x86, 0x6d, 0xe0, 0x1d, 0xe6, 0xa8, 0x4f, 0xd5, 0x97, 0x94, 0xf8, 0xe6, 0xea,
  0x11, 0x47, 0xc7, 0xfc, 0x5e, 0xf2, 0xcb, 0x50, 0x3e, 0x27, 0x18, 0xd8, 0x89, 0xe2, 0x1e, 0xc2,
  0x56, 0x71, 0x0e, 0x26, 0xcd, 0x40, 0xbd, 0x46, 0x08, 0xef, 0x75, 0xf7, 0xf4, 0x98, 0x86, 0x8a,
  0x71, 0x27, 0xa7, 0x9c, 0x3e, 0x92, 0x6b, 0xf0, 0x9e, 0x87, 0xb8, 0x78, 0x29, 0x42, 0xbe, 0x62,
  0xb6, 0x91, 0xee, 0xc6, 0x2d, 0xa0, 0x5d, 0xa6, 0xe8, 0x0f, 0x95, 0x57, 0x54, 0x38, 0x26, 0x2a,
  0xd1, 0x87, 0x07, 0x3c, 0x9e, 0x32, 0x0b, 0x90, 0xfe, 0xe7, 0xd8, 0x18, 0x49, 0x22, 0xde, 0x02,
  0x16, 0x31, 0x4e, 0x66, 0x8d, 0x00, 0xfd, 0x06, 0x48, 0xaf, 0x35, 0xb7, 0xb4, 0xd8, 0xc6, 0xca,
  0x31, 0x67, 0xe7, 0xdc, 0x7e, 0xd2, 0xab, 0x30, 0x5e, 0x47, 0x78, 0xb8, 0xe9, 0x82, 0x7e, 0xa2,
  0x76, 0x51, 0x2e, 0x06, 0xed, 0x60, 0x9d, 0x66, 0x28, 0xcf, 0x55, 0x17, 0x14, 0x78, 0x66, 0x6a,
  0x91, 0xc7, 0x47, 0x7c, 0xde, 0x72, 0x4b, 0xd0, 0xbe, 0xa7, 0x98, 0x58, 0x09, 0x62, 0x9e, 0x42,
  0xd6, 0xf1, 0x8e, 0xa6, 0x4d, 0xc0, 0x3d, 0xc6, 0x88, 0x6f, 0xf5, 0x77, 0x74, 0x18, 0x06, 0x0a,
  0xf1, 0xa7, 0x27, 0x1c, 0xbe, 0x12, 0xeb, 0x70, 0x1e, 0x07, 0x38, 0xf8, 0xa9, 0xc2, 0x3e, 0xe2,
  0x36, 0x11, 0x6e, 0x46, 0xad, 0x20, 0xdd, 0x26, 0x68, 0x8f, 0x15, 0xd7, 0xd4, 0xb8, 0xa6, 0xaa,
  0x51, 0x07, 0x87, 0xbc, 0x1e, 0xb2, 0x8b, 0x10, 0x7e, 0x67, 0x58, 0x98, 0xc9, 0xa2, 0x5e, 0x82,
  0x96, 0xb1, 0xce, 0xe6, 0x0d, 0x80, 0x7d, 0x86, 0xc8, 0x2f, 0xb5, 0x37, 0x34, 0x58, 0x46, 0x4a,
  0xb1, 0xe7, 0x67, 0x5c, 0xfe, 0x52, 0x2b, 0xb0, 0xde, 0xc7, 0xf8, 0x38, 0x69, 0x02, 0xfe, 0x22,
  0xf6, 0xd1, 0xae, 0x86, 0x6d, 0xe0, 0x1d, 0xe6, 0xa8, 0x4f, 0xd5, 0x97, 0x94, 0xf8, 0xe6, 0xea,
  0x11, 0x47, 0xc7, 0xfc, 0x5e, 0xf2, 0xcb, 0x50, 0x3e, 0x27, 0x18, 0xd8, 0x89, 0xe2, 0x1e, 0xc2,
  0x56, 0x71, 0x0e, 0x26, 0xcd, 0x40, 0xbd, 0x46, 0x08, 0xef, 0x75, 0xf7, 0xf4, 0x98, 0x86, 0x8a,
  0x71, 0x27, 0xa7, 0x9c, 0x3e, 0x92, 0x6b, 0xf0, 0x9e, 0x87, 0xb8, 0x78, 0x29, 0x42, 0xbe, 0x62,
  0xb6, 0x91, 0xee, 0xc6, 0x2d, 0xa0, 0x5d, 0xa6, 0xe8, 0x0f, 0x95, 0x57, 0x54, 0x38, 0x26, 0x2a,
  0xd1, 0x87, 0x07, 0x3c, 0x9e, 0x32, 0x0b, 0x90, 0xfe, 0xe7, 0xd8, 0x18, 0x49, 0x22, 0xde, 0x02,
  0x16, 0x31, 0x4e, 0x66, 0x8d, 0x00, 0xfd, 0x06, 0x48, 0xaf, 0x35, 0xb7, 0xb4, 0xd8, 0xc6, 0xca,
  0x31, 0x67, 0xe7, 0xdc, 0x7e, 0xd2, 0xab, 0x30, 0x5e, 0x47, 0x78, 0xb8, 0xe9, 0x82, 0x7e, 0xa2,
  0x76, 0x51, 0x2e, 0x06, 0xed, 0x60, 0x9d, 0x66, 0x28, 0xcf, 0x55, 0x17, 0x14, 0x78, 0x66, 0x6a,
  0x91, 0xc7, 0x47, 0x7c, 0xde, 0x72, 0x4b, 0xd0, 0xbe, 0xa7, 0x98, 0x58, 0x09, 0x62, 0x9e, 0x42,
  0xd6, 0xf1, 0x8e, 0xa6, 0x4d, 0xc0, 0x3d, 0xc6, 0x88, 0x6f, 0xf5, 0x77, 0x74, 0x18, 0x06, 0x0a,
  0xf1, 0xa7, 0x27, 0x1c, 0xbe, 0x12, 0xeb, 0x70, 0x1e, 0x07, 0x38, 0xf8, 0xa9, 0xc2, 0x3e, 0xe2,
  0x36, 0x11, 0x6e, 0x46, 0xad, 0x20, 0xdd, 0x26, 0x68, 0x8f, 0x15, 0xd7, 0xd4, 0xb8, 0xa6, 0xaa,
  0x51, 0x07, 0x87, 0xbc, 0x1e, 0xb2, 0x8b, 0x10, 0x7e, 0x67, 0x58, 0x98, 0xc9, 0xa2, 0x5e, 0x82,
  0x96, 0xb1, 0xce, 0xe6, 0x0d, 0x80, 0x7d, 0x86, 0xc8, 0x2f, 0xb5, 0x37, 0x34, 0x58, 0x46, 0x4a,
  0xb1, 0xe7, 0x67, 0x5c, 0xfe, 0x52, 0x2b, 0xb0, 0xde, 0xc7, 0xf8, 0x38, 0x69, 0x02, 0xfe, 0x22,
  0xf6, 0xd1, 0xae, 0x86, 0x6d, 0xe0, 0x1d, 0xe6, 0xa8, 0x4f, 0xd5, 0x97, 0x94, 0xf8, 0xe6, 0xea,
  0x11, 0x47, 0xc7, 0xfc, 0x5e, 0xf2, 0xcb, 0x50, 0x3e, 0x27, 0x18, 0xd8, 0x89, 0xe2, 0x1e, 0xc2,
  0x56, 0x71, 0x0e, 0x26, 0xcd, 0x40, 0xbd, 0x46, 0x08, 0xef, 0x75, 0xf7, 0xf4, 0x98, 0x86, 0x8a,
  0x71, 0x27, 0xa7, 0x9c, 0x3e, 0x92, 0x6b, 0xf0, 0x9e, 0x87, 0xb8, 0x78, 0x29, 0x42, 0xbe, 0x62,
  0xb6, 0x91, 0xee, 0xc6, 0x2d, 0xa0, 0x5d, 0xa6, 0xe8, 0x0f, 0x95, 0x57, 0x54, 0x38, 0x26, 0x2a,
  0xd1, 0x87, 0x07, 0x3c, 0x9e, 0x32, 0x0b, 0x90, 0xfe, 0xe7, 0xd8, 0x18, 0x49, 0x22, 0xde, 0x02,
  0x16, 0x31, 0x4e, 0x66, 0x8d, 0x00, 0xfd, 0x06, 0x48, 0xaf, 0x35, 0xb7, 0xb4, 0xd8, 0xc6, 0xca,
  0x31, 0x67, 0xe7, 0xdc, 0x7e, 0xd2, 0xab, 0x30, 0x5e, 0x47, 0x78, 0xb8, 0xe9, 0x82, 0x7e, 0xa2,
  0x76, 0x51, 0x2e, 0x06, 0xed, 0x60, 0x9d, 0x66, 0x28, 0xcf, 0x55, 0x17, 0x14, 0x78, 0x66, 0x6a,
  0x91, 0xc7, 0x47, 0x7c, 0xde, 0x72, 0x4b, 0xd0, 0xbe, 0xa7, 0x98, 0x58, 0x09, 0x62, 0x9e, 0x42,
  0xd6, 0xf1, 0x8e, 0xa6, 0x4d, 0xc0, 0x3d, 0xc6, 0x88, 0x6f, 0xf5, 0x77, 0x74, 0x18, 0x06, 0x0a,
  0xf1, 0xa7, 0x27, 0x1c, 0xbe, 0x12, 0xeb, 0x70, 0x1e, 0x07, 0x38, 0xf8, 0xa9, 0xc2, 0x3e, 0xe2,
  0x36, 0x11, 0x6e, 0x46, 0xad, 0x20, 0xdd, 0x26, 0x68, 0x8f, 0x15, 0xd7, 0xd4, 0xb8, 0xa6, 0xaa,
  0x51, 0x07, 0x87, 0xbc, 0x1e, 0xb2, 0x8b, 0x10, 0x7e, 0x67, 0x58, 0x98, 0xc9, 0xa2, 0x5e, 0x82,
  0x96, 0xb1, 0xce, 0xe6, 0x0d, 0x80, 0x7d, 0x86, 0xc8, 0x2f, 0xb5, 0x37, 0x34, 0x58, 0x46, 0x4a,
  0xb1, 0xe7, 0x67, 0x5c, 0xfe, 0x52, 0x2b, 0xb0, 0xde, 0xc7, 0xf8, 0x38, 0x69, 0x02, 0xfe, 0x22,
  0xf6, 0xd1, 0xae, 0x86, 0x6d, 0xe0, 0x1d, 0xe6, 0xa8, 0x4f, 0xd5, 0x97, 0x94, 0xf8, 0xe6, 0xea,
  0x11, 0x47, 0xc7, 0xfc, 0x5e, 0xf2, 0xcb, 0x50, 0x3e, 0x27, 0x18, 0xd8, 0x89, 0xe2, 0x1e, 0xc2,
  0x56, 0x71, 0x0e, 0x26, 0xcd, 0x40, 0xbd, 0x46, 0x08, 0xef, 0x75, 0xf7, 0xf4, 0x98, 0x86, 0x8a,
  0x71, 0x27, 0xa7, 0x9c, 0x3e, 0x92, 0x6b, 0xf0, 0x9e, 0x87, 0xb8, 0x78, 0x29, 0x42, 0xbe, 0x62,
  0xb6, 0x91, 0xee, 0xc6, 0x2d, 0xa0, 0x5d, 0xa6, 0xe8, 0x0f, 0x95, 0x57, 0x54, 0x38, 0x26, 0x2a,
  0xd1, 0x87, 0x07, 0x3c, 0x9e, 0x32, 0x0b, 0x90, 0xfe, 0xe7, 0xd8, 0x18, 0x49, 0x22, 0xde, 0x02,
  0x16, 0x31, 0x4e, 0x66, 0x8d, 0x00, 0xfd, 0x06, 0x48, 0xaf, 0x35, 0xb7, 0xb4, 0xd8, 0xc6, 0xca,
  0x31, 0x67, 0xe7, 0xdc, 0x7e, 0xd2, 0xab, 0x30, 0x5e, 0x47, 0x78, 0xb8, 0xe9, 0x82, 0x7e, 0xa2,
  0x76, 0x51, 0x2e, 0x06, 0xed, 0x60, 0x9d, 0x66, 0x28, 0xcf, 0x55, 0x17, 0x14, 0x78, 0x66, 0x6a,
  0x91, 0xc7, 0x47, 0x7c, 0xde, 0x72, 0x4b, 0xd0, 0xbe, 0xa7, 0x98, 0x58, 0x09, 0x62, 0x9e, 0x42,
  0xd6, 0xf1, 0x8e, 0xa6, 0x4d, 0xc0, 0x3d, 0xc6, 0x88, 0x6f, 0xf5, 0x77, 0x74, 0x18, 0x06, 0x0a,
  0xf1, 0xa7, 0x27, 0x1c, 0xbe, 0x12, 0xeb, 0x70, 0x1e, 0x07, 0x38, 0xf8, 0xa9, 0xc2, 0x3e, 0xe2,
  0x36, 0x11, 0x6e, 0x46, 0xad, 0x20, 0xdd, 0x26, 0x68, 0x8f, 0x15, 0xd7, 0xd4, 0xb8, 0xa6, 0xaa,
  0x51, 0x07, 0x87, 0xbc, 0x1e, 0xb2, 0x8b, 0x10, 0x7e, 0x67, 0x58, 0x98, 0xc9, 0xa2, 0x5e, 0x82,
  0x96, 0xb1, 0xce, 0xe6, 0x0d, 0x80, 0x7d, 0x86, 0xc8, 0x2f, 0xb5, 0x37, 0x34, 0x58, 0x46, 0x4a,
  0xb1, 0xe7, 0x67, 0x5c, 0xfe, 0x52, 0x2b, 0xb0, 0xde, 0xc7, 0xf8, 0x38, 0x69, 0x02, 0xfe, 0x22,
  0xf6, 0xd1, 0xae, 0x86, 0x6d, 0xe0, 0x1d, 0xe6, 0xa8, 0x4f, 0xd5, 0x97, 0x94, 0xf8, 0xe6, 0xea,
  0x11, 0x47, 0xc7, 0xfc, 0x5e, 0xf2, 0xcb, 0x50, 0x3e, 0x27, 0x18, 0xd8, 0x89, 0xe2, 0x1e, 0xc2,
  0x56, 0x71, 0x0e, 0x26, 0xcd, 0x40, 0xbd, 0x46, 0x08, 0xef, 0x75, 0xf7, 0xf4, 0x98, 0x86, 0x8a,
  0x71, 0x27, 0xa7, 0x9c, 0x3e, 0x92, 0x6b, 0xf0, 0x9e, 0x87, 0xb8, 0x78, 0x29, 0x42, 0xbe, 0x62,
  0xb6, 0x91, 0xee, 0xc6, 0x2d, 0xa0, 0x5d, 0xa6, 0xe8, 0x0f, 0x95, 0x57, 0x54, 0x38, 0x26, 0x2a,
  0xd1, 0x87, 0x07, 0x3c, 0x9e, 0x32, 0x0b, 0x90, 0xfe, 0xe7, 0xd8, 0x18, 0x49, 0x22, 0xde, 0x02,
  0x16, 0x31, 0x4e, 0x66, 0x8d, 0x00, 0xfd, 0x06, 0x48, 0xaf, 0x35, 0xb7, 0xb4, 0xd8, 0xc6, 0xca,
  0x31, 0x67, 0xe7, 0xdc, 0x7e, 0xd2, 0xab, 0x30, 0x5e, 0x47, 0x78, 0xb8, 0xe9, 0x82, 0x7e, 0xa2,
  0x76, 0x51, 0x2e, 0x06, 0xed, 0x60, 0x9d, 0x66, 0x28, 0xcf, 0x55, 0x17, 0x14, 0x78, 0x66, 0x6a,
  0x91, 0xc7, 0x47, 0x7c, 0xde, 0x72, 0x4b, 0xd0, 0xbe, 0xa7, 0x98, 0x58, 0x09, 0x62, 0x9e, 0x42,
  0xd6, 0xf1, 0x8e, 0xa6, 0x4d, 0xc0, 0x3d, 0xc6, 0x88, 0x6f, 0xf5, 0x77, 0x74, 0x18, 0x06, 0x0a,
  0xf1, 0xa7, 0x27, 0x1c, 0xbe, 0x12, 0xeb, 0x70, 0x1e, 0x07, 0x38, 0xf8, 0xa9, 0xc2, 0x3e, 0xe2,
  0x36, 0x11, 0x6e, 0x46, 0xad, 0x20, 0xdd, 0x26, 0x68, 0x8f, 0x15, 0xd7, 0xd4, 0xb8, 0xa6, 0xaa,
  0x51, 0x07, 0x87, 0xbc, 0x1e, 0xb2, 0x8b, 0x10, 0x7e, 0x67, 0x58, 0x98, 0xc9, 0xa2, 0x5e, 0x82,
  0x96, 0xb1, 0xce, 0xe6, 0x0d, 0x80, 0x7d, 0x86, 0xc8, 0x2f, 0xb5, 0x37, 0x34, 0x58, 0x46, 0x4a,
  0xb1, 0xe7, 0x67, 0x5c, 0xfe, 0x52, 0x2b, 0xb0, 0xde, 0xc7, 0xf8, 0x38, 0x69, 0x02, 0xfe, 0x22,
  0xf6, 0xd1, 0xae, 0x86, 0x6d, 0xe0, 0x1d, 0xe6, 0xa8, 0x4f, 0xd5, 0x97, 0x94, 0xf8, 0xe6, 0xea,
  0x11, 0x47, 0xc7, 0xfc, 0x5e, 0xf2, 0xcb, 0x50, 0x3e, 0x27, 0x18, 0xd8, 0x89, 0xe2, 0x1e, 0xc2,
  0x56, 0x71, 0x0e, 0x26, 0xcd, 0x40, 0xbd, 0x46, 0x08, 0xef, 0x75, 0xf7, 0xf4, 0x98, 0x86, 0x8a,
  0x71, 0x27, 0xa7, 0x9c, 0x3e, 0x92, 0x6b, 0xf0, 0x9e, 0x87, 0xb8, 0x78, 0x29, 0x42, 0xbe, 0x62,
  0xb6, 0x91, 0xee, 0xc6, 0x2d, 0xa0, 0x5d, 0xa6, 0xe8, 0x0f, 0x95, 0x57, 0x54, 0x38, 0x26, 0x2a,
  0xd1, 0x87, 0x07, 0x3c, 0x9e, 0x32, 0x0b, 0x90, 0xfe, 0xe7, 0xd8, 0x18, 0x49, 0x22, 0xde, 0x02,
  0x16, 0x31, 0x4e, 0x66, 0x8d, 0x00, 0xfd, 0x06, 0x48, 0xaf, 0x35, 0xb7, 0xb4, 0xd8, 0xc6, 0xca,
  0x31, 0x67, 0xe7, 0xdc, 0x7e, 0xd2, 0xab, 0x30, 0x5e, 0x47, 0x78, 0xb8, 0xe9, 0x82, 0x7e, 0xa2,
  0x76, 0x51, 0x2e, 0x06, 0xed, 0x60, 0x9d, 0x66, 0x28, 0xcf, 0x55, 0x17, 0x14, 0x78, 0x66, 0x6a,
  0x91, 0xc7, 0x47, 0x7c, 0xde, 0x72, 0x4b, 0xd0, 0xbe, 0xa7, 0x98, 0x58, 0x09, 0x62, 0x9e, 0x42,
  0xd6, 0xf1, 0x8e, 0xa6, 0x4d, 0xc0, 0x3d, 0xc6, 0x88, 0x6f, 0xf5, 0x77, 0x74, 0x18, 0x06, 0x0a,
  0xf1, 0xa7, 0x27, 0x1c, 0xbe, 0x12, 0xeb, 0x70, 0x1e, 0x07, 0x38, 0xf8, 0xa9, 0xc2, 0x3e, 0xe2,
  0x36, 0x11, 0x6e, 0x46, 0xad, 0x20, 0xdd, 0x26, 0x68, 0x8f, 0x15, 0xd7, 0xd4, 0xb8, 0xa6, 0xaa,
  0x51, 0x07, 0x87, 0xbc, 0x1e, 0xb2, 0x8b, 0x10, 0x7e, 0x67, 0x58, 0x98, 0xc9, 0xa2, 0x5e, 0x82,
  0x96, 0xb1, 0xce, 0xe6, 0x0d, 0x80, 0x7d, 0x86, 0xc8, 0x2f, 0xb5, 0x37, 0x34, 0x58, 0x46, 0x4a,
  0xb1, 0xe7, 0x67, 0x5c, 0xfe, 0x52, 0x2b, 0xb0, 0xde, 0xc7, 0xf8, 0x38, 0x69, 0x02, 0xfe, 0x22,
  0xf6, 0xd1, 0xae, 0x86, 0x6d, 0xe0, 0x1d, 0xe6, 0xa8, 0x4f, 0xd5, 0x97, 0x94, 0xf8, 0xe6, 0xea,
  0x11, 0x47, 0xc7, 0xfc, 0x5e, 0xf2, 0xcb, 0x50, 0x3e, 0x27, 0x18, 0xd8, 0x89, 0xe2, 0x1e, 0xc2,
  0x56, 0x71, 0x0e, 0x26, 0xcd, 0x40, 0xbd, 0x46, 0x08, 0xef, 0x75, 0xf7, 0xf4, 0x98, 0x86, 0x8a,
  0x71, 0x27, 0xa7, 0x9c, 0x3e, 0x92, 0x6b, 0xf0, 0x9e, 0x87, 0xb8, 0x78, 0x29, 0x42, 0xbe, 0x62,
  0xb6, 0x91, 0xee, 0xc6, 0x2d, 0xa0, 0x5d, 0xa6, 0xe8, 0x0f, 0x95, 0x57, 0x54, 0x38, 0x26, 0x2a,
  0xd1, 0x87, 0x07, 0x3c, 0x9e, 0x32, 0x0b, 0x90, 0xfe, 0xe7, 0xd8, 0x18, 0x49, 0x22, 0xde, 0x02,
  0x16, 0x31, 0x4e, 0x66, 0x8d, 0x00, 0xfd, 0x06, 0x48, 0xaf, 0x35, 0xb7, 0xb4, 0xd8, 0xc6, 0xca,
  0x31, 0x67, 0xe7, 0xdc, 0x7e, 0xd2, 0xab, 0x30, 0x5e, 0x47, 0x78, 0xb8, 0xe9, 0x82, 0x7e, 0xa2,
  0x76, 0x51, 0x2e, 0x06, 0xed, 0x60, 0x9d, 0x66, 0x28, 0xcf, 0x55, 0x17, 0x14, 0x78, 0x66, 0x6a,
  0x91, 0xc7, 0x47, 0x7c, 0xde, 0x72, 0x4b, 0xd0, 0xbe, 0xa7, 0x98, 0x58, 0x09, 0x62, 0x9e, 0x42,
  0xd6, 0xf1, 0x8e, 0xa6, 0x4d, 0xc0, 0x3d, 0xc6, 0x88, 0x6f, 0xf5, 0x77, 0x74, 0x18, 0x06, 0x0a,
  0xf1, 0xa7, 0x27, 0x1c, 0xbe, 0x12, 0xeb, 0x70, 0x1e, 0x07, 0x38, 0xf8, 0xa9, 0xc2, 0x3e, 0xe2,
  0x36, 0x11, 0x6e, 0x46, 0xad, 0x20, 0xdd, 0x26, 0x68, 0x8f, 0x15, 0xd7, 0xd4, 0xb8, 0xa6, 0xaa,
  0x51, 0x07, 0x87, 0xbc, 0x1e, 0xb2, 0x8b, 0x10, 0x7e, 0x67, 0x58, 0x98, 0xc9, 0xa2, 0x5e, 0x82,
  0x96, 0xb1, 0xce, 0xe6, 0x0d, 0x80, 0x7d, 0x86, 0xc8, 0x2f, 0xb5, 0x37, 0x34, 0x58, 0x46, 0x4a,
  0xb1, 0xe7, 0x67, 0x5c, 0xfe, 0x52, 0x2b, 0xb0, 0xde, 0xc7, 0xf8, 0x38, 0x69, 0x02, 0xfe, 0x22,
  0xf6, 0xd1, 0xae, 0x86, 0x6d, 0xe0, 0x1d, 0xe6, 0xa8, 0x4f, 0xd5, 0x97, 0x94, 0xf8, 0xe6, 0xea,
  0x11, 0x47, 0xc7, 0xfc, 0x5e, 0xf2, 0xcb, 0x50, 0x3e, 0x27, 0x18, 0xd8, 0x89, 0xe2, 0x1e, 0xc2,
  0x56, 0x71, 0x0e, 0x26, 0xcd, 0x40, 0xbd, 0x46, 0x08, 0xef, 0x75, 0xf7, 0xf4, 0x98, 0x86, 0x8a,
  0x71, 0x27, 0xa7, 0x9c, 0x3e, 0x92, 0x6b, 0xf0, 0x9e, 0x87, 0xb8, 0x78, 0x29, 0x42, 0xbe, 0x62,
  0xb6, 0x91, 0xee, 0xc6, 0x2d, 0xa0, 0x5d, 0xa6, 0xe8, 0x0f, 0x95, 0x57, 0x54, 0x38, 0x26, 0x2a,
  0xd1, 0x87, 0x07, 0x3c, 0x9e, 0x32, 0x0b, 0x90, 0xfe, 0xe7, 0xd8, 0x18, 0x49, 0x22, 0xde, 0x02,
  0x16, 0x31, 0x4e, 0x66, 0x8d, 0x00, 0xfd, 0x06, 0x48, 0xaf, 0x35, 0xb7, 0xb4, 0xd8, 0xc6, 0xca,
  0x31, 0x67, 0xe7, 0xdc, 0x7e, 0xd2, 0xab, 0x30, 0x5e, 0x47, 0x78, 0xb8, 0xe9, 0x82, 0x7e, 0xa2,
  0x76, 0x51, 0x2e, 0x06, 0xed, 0x60, 0x9d, 0x66, 0x28, 0xcf, 0x55, 0x17, 0x14, 0x78, 0x66, 0x6a,
  0x91, 0xc7, 0x47, 0x7c, 0xde, 0x72, 0x4b, 0xd0, 0xbe, 0xa7, 0x98, 0x58, 0x09, 0x62, 0x9e, 0x42,
  0xd6, 0xf1, 0x8e, 0xa6, 0x4d, 0xc0, 0x3d, 0xc6, 0x88, 0x6f, 0xf5, 0x77, 0x74, 0x18, 0x06, 0x0a,
  0xf1, 0xa7, 0x27, 0x1c, 0xbe, 0x12, 0xeb, 0x70, 0x1e, 0x07, 0x38, 0xf8, 0xa9, 0xc2, 0x3e, 0xe2,
  0x36, 0x11, 0x6e, 0x46, 0xad, 0x20, 0xdd, 0x26, 0x68, 0x8f, 0x15, 0xd7, 0xd4, 0xb8, 0xa6, 0xaa,
  0x51, 0x07, 0x87, 0xbc, 0x1e, 0xb2, 0x8b, 0x10, 0x7e, 0x67, 0x58, 0x98, 0xc9, 0xa2, 0x5e, 0x82,
  0x96, 0xb1, 0xce, 0xe6, 0x0d, 0x80, 0x7d, 0x86, 0xc8, 0x2f, 0xb5, 0x37, 0x34, 0x58, 0x46, 0x4a,
  0xb1, 0xe7, 0x67, 0x5c, 0xfe, 0x52, 0x2b, 0xb0, 0xde, 0xc7, 0xf8, 0x38, 0x69, 0x02, 0xfe, 0x22,
  0xf6, 0xd1, 0xae, 0x86, 0x6d, 0xe0, 0x1d, 0xe6, 0xa8, 0x4f, 0xd5, 0x97, 0x94, 0xf8, 0xe6, 0xea,
  0x11, 0x47, 0xc7, 0xfc, 0x5e, 0xf2, 0xcb, 0x50, 0x3e, 0x27, 0x18, 0xd8, 0x89, 0xe2, 0x1e, 0xc2,
  0x56, 0x71, 0x0e, 0x26, 0xcd, 0x40, 0xbd, 0x46, 0x08, 0xef, 0x75, 0xf7, 0xf4, 0x98, 0x86, 0x8a,
  0x71, 0x27, 0xa7, 0x9c, 0x3e, 0x92, 0x6b, 0xf0, 0x9e, 0x87, 0xb8, 0x78, 0x29, 0x42, 0xbe, 0x62,
  0xb6, 0x91, 0xee, 0xc6, 0x2d, 0xa0, 0x5d, 0xa6, 0xe8, 0x0f, 0x95, 0x57, 0x54, 0x38, 0x26, 0x2a,
  0xd1, 0x87, 0x07, 0x3c, 0x9e, 0x32, 0x0b, 0x90, 0xfe, 0xe7, 0xd8, 0x18, 0x49, 0x22, 0xde, 0x02,
  0x16, 0x31, 0x4e, 0x66, 0x8d, 0x00, 0xfd, 0x06, 0x48, 0xaf, 0x35, 0xb7, 0xb4, 0xd8, 0xc6, 0xca,
  0x31, 0x67, 0xe7, 0xdc, 0x7e, 0xd2, 0xab, 0x30, 0x5e, 0x47, 0x78, 0xb8, 0xe9, 0x82, 0x7e, 0xa2,
  0x76, 0x51, 0x2e, 0x06, 0xed, 0x60, 0x9d, 0x66, 0x28, 0xcf, 0x55, 0x17, 0x14, 0x78, 0x66, 0x6a,
  0x91, 0xc7, 0x47, 0x7c, 0xde, 0x72, 0x4b, 0xd0, 0xbe, 0xa7, 0x98, 0x58, 0x09, 0x62, 0x9e, 0x42,
  0xd6, 0xf1, 0x8e, 0xa6, 0x4d, 0xc0, 0x3d, 0xc6, 0x88, 0x6f, 0xf5, 0x77, 0x74, 0x18, 0x06, 0x0a,
  0xf1, 0xa7, 0x27, 0x1c, 0xbe, 0x12, 0xeb, 0x70, 0x1e, 0x07, 0x38, 0xf8, 0xa9, 0xc2, 0x3e, 0xe2,
  0x36, 0x11, 0x6e, 0x46, 0xad, 0x20, 0xdd, 0x26, 0x68, 0x8f, 0x15, 0xd7, 0xd4, 0xb8, 0xa6, 0xaa,
  0x51, 0x07, 0x87, 0xbc, 0x1e, 0xb2, 0x8b, 0x10, 0x7e, 0x67, 0x58, 0x98, 0xc9, 0xa2, 0x5e, 0x82,
};

static const uint8_t IMG_V2[4224] = {
  0x46, 0x57, 0x49, 0x4d, 0x01, 0x00, 0x00, 0x00, 0x00, 0x00, 0x02, 0x00, 0x00, 0x10, 0x00, 0x00,
  0x7f, 0xba, 0xf5, 0xe1, 0x9d, 0xeb, 0xd6, 0x2d, 0x37, 0xe8, 0xf1, 0x1e, 0x59, 0xe7, 0x6a, 0x00,
  0x31, 0x8a, 0x46, 0x53, 0x27, 0x85, 0x3c, 0x28, 0xac, 0x24, 0x60, 0x54, 0xcb, 0xda, 0xcb, 0xf4,
  0x76, 0x32, 0x2e, 0x30, 0x00, 0x00, 0x00, 0x00, 0x00, 0x00, 0x00, 0x00, 0x00, 0x00, 0x00, 0x00,
  0x1e, 0xb5, 0x97, 0x8a, 0x7f, 0x94, 0xd8, 0x20, 0xc9, 0xcb, 0x8b, 0x4a, 0xfc, 0x16, 0x9b, 0x3a,
  0xb8, 0x8f, 0x77, 0xb2, 0xd6, 0xe6, 0xe0, 0xa6, 0xec, 0x06, 0x00, 0x58, 0xbc, 0xc8, 0x35, 0xed,
  0x9e, 0xbd, 0x3e, 0xc9, 0xe2, 0xca, 0xc2, 0xcb, 0x19, 0xf3, 0xea, 0x9e, 0xd7, 0x3f, 0xa3, 0x50,
  0x30, 0x67, 0xd5, 0x16, 0x65, 0x70, 0xab, 0x8a, 0x5c, 0x0d, 0x91, 0xbd, 0xd2, 0xcd, 0x5a, 0xe9,
  0x6e, 0x61, 0x6d, 0x65, 0x3d, 0x76, 0x32, 0x2e, 0x30, 0x3b, 0x62, 0x6c, 0x69, 0x6e, 0x6b, 0x3d,
  0x32, 0x35, 0x30, 0x3b, 0x73, 0x65, 0x6c, 0x66, 0x74, 0x65, 0x73, 0x74, 0x3d, 0x6f, 0x6b, 0x3b,
  0x6d, 0x73, 0x67, 0x3d, 0x4e, 0x65, 0x77, 0x20, 0x76, 0x65, 0x72, 0x73, 0x69, 0x6f, 0x6e, 0x00,
  0xb6, 0x4c, 0x30, 0xca, 0x15, 0xa1, 0x54, 0xe2, 0x1f, 0x75, 0x45, 0x1e, 0xcf, 0xe6, 0x84, 0x99,
  0xb7, 0x22, 0x3c, 0xdd, 0x5b, 0xb7, 0x29, 0xd7, 0xec, 0x48, 0x01, 0x02, 0x9b, 0x0e, 0xd3, 0xa1,
  0xd6, 0x2c, 0x50, 0xaa, 0x75, 0xc1, 0xf4, 0x42, 0xbf, 0xd5, 0xe5, 0xbe, 0x6f, 0x46, 0x24, 0x39,
  0x57, 0xc2, 0xdc, 0x3d, 0xbb, 0x57, 0xc9, 0x37, 0x0c, 0xa8, 0xe1, 0xa2, 0x3b, 0xae, 0x73, 0x01,
  0x76, 0x8c, 0xf0, 0x0a, 0xd5, 0x61, 0x94, 0x22, 0xdf, 0xb5, 0x85, 0xde, 0x0f, 0x26, 0x44, 0x59,
  0xf7, 0x62, 0x7c, 0x9d, 0x1b, 0xf7, 0x69, 0x97, 0xac, 0x08, 0x41, 0x42, 0xdb, 0x4e, 0x93, 0xe1,
  0x96, 0x6c, 0x10, 0xea, 0x35, 0x81, 0x34, 0x82, 0x7f, 0x15, 0x25, 0x7e, 0xaf, 0x86, 0xe4, 0xf9,
  0x97, 0x02, 0x1c, 0xfd, 0x7b, 0x97, 0x09, 0xf7, 0xcc, 0x68, 0x21, 0xe2, 0x7b, 0xee, 0x33, 0x41,
  0x36, 0xcc, 0xb0, 0x4a, 0x95, 0x21, 0xd4, 0x62, 0x9f, 0xf5, 0xc5, 0x9e, 0x4f, 0x66, 0x04, 0x19,
  0x37, 0xa2, 0xbc, 0x5d, 0xdb, 0x37, 0xa9, 0x57, 0x6c, 0xc8, 0x81, 0x82, 0x1b, 0x8e, 0x53, 0x21,
  0x56, 0xac, 0xd0, 0x2a, 0xf5, 0x41, 0x74, 0xc2, 0x3f, 0x55, 0x65, 0x3e, 0xef, 0xc6, 0xa4, 0xb9,
  0xd7, 0x42, 0x5c, 0xbd, 0x3b, 0xd7, 0x49, 0xb7, 0x8c, 0x28, 0x61, 0x22, 0xbb, 0x2e, 0xf3, 0x81,
  0xf6, 0x0c, 0x70, 0x8a, 0x55, 0xe1, 0x14, 0xa2, 0x5f, 0x35, 0x05, 0x5e, 0x8f, 0xa6, 0xc4, 0xd9,
  0x77, 0xe2, 0xfc, 0x1d, 0x9b, 0x77, 0xe9, 0x17, 0x2c, 0x88, 0xc1, 0xc2, 0x5b, 0xce, 0x13, 0x61,
  0x16, 0xec, 0x90, 0x6a, 0xb5, 0x01, 0xb4, 0x02, 0xff, 0x95, 0xa5, 0xfe, 0x2f, 0x06, 0x64, 0x79,
  0x17, 0x82, 0x9c, 0x7d, 0xfb, 0x17, 0x89, 0x77, 0x4c, 0xe8, 0xa1, 0x62, 0xfb, 0x6e, 0xb3, 0xc1,
  0xb6, 0x4c, 0x30, 0xca, 0x15, 0xa1, 0x54, 0xe2, 0x1f, 0x75, 0x45, 0x1e, 0xcf, 0xe6, 0x84, 0x99,
  0xb7, 0x22, 0x3c, 0xdd, 0x5b, 0xb7, 0x29, 0xd7, 0xec, 0x48, 0x01, 0x02, 0x9b, 0x0e, 0xd3, 0xa1,
  0xd6, 0x2c, 0x50, 0xaa, 0x75, 0xc1, 0xf4, 0x42, 0xbf, 0xd5, 0xe5, 0xbe, 0x6f, 0x46, 0x24, 0x39,
  0x57, 0xc2, 0xdc, 0x3d, 0xbb, 0x57, 0xc9, 0x37, 0x0c, 0xa8, 0xe1, 0xa2, 0x3b, 0xae, 0x73, 0x01,
  0x76, 0x8c, 0xf0, 0x0a, 0xd5, 0x61, 0x94, 0x22, 0xdf, 0xb5, 0x85, 0xde, 0x0f, 0x26, 0x44, 0x59,
  0xf7, 0x62, 0x7c, 0x9d, 0x1b, 0xf7, 0x69, 0x97, 0xac, 0x08, 0x41, 0x42, 0xdb, 0x4e, 0x93, 0xe1,
  0x96, 0x6c, 0x10, 0xea, 0x35, 0x81, 0x34, 0x82, 0x7f, 0x15, 0x25, 0x7e, 0xaf, 0x86, 0xe4, 0xf9,
  0x97, 0x02, 0x1c, 0xfd, 0x7b, 0x97, 0x09, 0xf7, 0xcc, 0x68, 0x21, 0xe2, 0x7b, 0xee, 0x33, 0x41,
  0x36, 0xcc, 0xb0, 0x4a, 0x95, 0x21, 0xd4, 0x62, 0x9f, 0xf5, 0xc5, 0x9e, 0x4f, 0x66, 0x04, 0x19,
  0x37, 0xa2, 0xbc, 0x5d, 0xdb, 0x37, 0xa9, 0x57, 0x6c, 0xc8, 0x81, 0x82, 0x1b, 0x8e, 0x53, 0x21,
  0x56, 0xac, 0xd0, 0x2a, 0xf5, 0x41, 0x74, 0xc2, 0x3f, 0x55, 0x65, 0x3e, 0xef, 0xc6, 0xa4, 0xb9,
  0xd7, 0x42, 0x5c, 0xbd, 0x3b, 0xd7, 0x49, 0xb7, 0x8c, 0x28, 0x61, 0x22, 0xbb, 0x2e, 0xf3, 0x81,
  0xf6, 0x0c, 0x70, 0x8a, 0x55, 0xe1, 0x14, 0xa2, 0x5f, 0x35, 0x05, 0x5e, 0x8f, 0xa6, 0xc4, 0xd9,
  0x77, 0xe2, 0xfc, 0x1d, 0x9b, 0x77, 0xe9, 0x17, 0x2c, 0x88, 0xc1, 0xc2, 0x5b, 0xce, 0x13, 0x61,
  0x16, 0xec, 0x90, 0x6a, 0xb5, 0x01, 0xb4, 0x02, 0xff, 0x95, 0xa5, 0xfe, 0x2f, 0x06, 0x64, 0x79,
  0x17, 0x82, 0x9c, 0x7d, 0xfb, 0x17, 0x89, 0x77, 0x4c, 0xe8, 0xa1, 0x62, 0xfb, 0x6e, 0xb3, 0xc1,
  0xb6, 0x4c, 0x30, 0xca, 0x15, 0xa1, 0x54, 0xe2, 0x1f, 0x75, 0x45, 0x1e, 0xcf, 0xe6, 0x84, 0x99,
  0xb7, 0x22, 0x3c, 0xdd, 0x5b, 0xb7, 0x29, 0xd7, 0xec, 0x48, 0x01, 0x02, 0x9b, 0x0e, 0xd3, 0xa1,
  0xd6, 0x2c, 0x50, 0xaa, 0x75, 0xc1, 0xf4, 0x42, 0xbf, 0xd5, 0xe5, 0xbe, 0x6f, 0x46, 0x24, 0x39,
  0x57, 0xc2, 0xdc, 0x3d, 0xbb, 0x57, 0xc9, 0x37, 0x0c, 0xa8, 0xe1, 0xa2, 0x3b, 0xae, 0x73, 0x01,
  0x76, 0x8c, 0xf0, 0x0a, 0xd5, 0x61, 0x94, 0x22, 0xdf, 0xb5, 0x85, 0xde, 0x0f, 0x26, 0x44, 0x59,
  0xf7, 0x62, 0x7c, 0x9d, 0x1b, 0xf7, 0x69, 0x97, 0xac, 0x08, 0x41, 0x42, 0xdb, 0x4e, 0x93, 0xe1,
  0x96, 0x6c, 0x10, 0xea, 0x35, 0x81, 0x34, 0x82, 0x7f, 0x15, 0x25, 0x7e, 0xaf, 0x86, 0xe4, 0xf9,
  0x97, 0x02, 0x1c, 0xfd, 0x7b, 0x97, 0x09, 0xf7, 0xcc, 0x68, 0x21, 0xe2, 0x7b, 0xee, 0x33, 0x41,
  0x36, 0xcc, 0xb0, 0x4a, 0x95, 0x21, 0xd4, 0x62, 0x9f, 0xf5, 0xc5, 0x9e, 0x4f, 0x66, 0x04, 0x19,
  0x37, 0xa2, 0xbc, 0x5d, 0xdb, 0x37, 0xa9, 0x57, 0x6c, 0xc8, 0x81, 0x82, 0x1b, 0x8e, 0x53, 0x21,
  0x56, 0xac, 0xd0, 0x2a, 0xf5, 0x41, 0x74, 0xc2, 0x3f, 0x55, 0x65, 0x3e, 0xef, 0xc6, 0xa4, 0xb9,
  0xd7, 0x42, 0x5c, 0xbd, 0x3b, 0xd7, 0x49, 0xb7, 0x8c, 0x28, 0x61, 0x22, 0xbb, 0x2e, 0xf3, 0x81,
  0xf6, 0x0c, 0x70, 0x8a, 0x55, 0xe1, 0x14, 0xa2, 0x5f, 0x35, 0x05, 0x5e, 0x8f, 0xa6, 0xc4, 0xd9,
  0x77, 0xe2, 0xfc, 0x1d, 0x9b, 0x77, 0xe9, 0x17, 0x2c, 0x88, 0xc1, 0xc2, 0x5b, 0xce, 0x13, 0x61,
  0x16, 0xec, 0x90, 0x6a, 0xb5, 0x01, 0xb4, 0x02, 0xff, 0x95, 0xa5, 0xfe, 0x2f, 0x06, 0x64, 0x79,
  0x17, 0x82, 0x9c, 0x7d, 0xfb, 0x17, 0x89, 0x77, 0x4c, 0xe8, 0xa1, 0x62, 0xfb, 0x6e, 0xb3, 0xc1,
  0xb6, 0x4c, 0x30, 0xca, 0x15, 0xa1, 0x54, 0xe2, 0x1f, 0x75, 0x45, 0x1e, 0xcf, 0xe6, 0x84, 0x99,
  0xb7, 0x22, 0x3c, 0xdd, 0x5b, 0xb7, 0x29, 0xd7, 0xec, 0x48, 0x01, 0x02, 0x9b, 0x0e, 0xd3, 0xa1,
  0xd6, 0x2c, 0x50, 0xaa, 0x75, 0xc1, 0xf4, 0x42, 0xbf, 0xd5, 0xe5, 0xbe, 0x6f, 0x46, 0x24, 0x39,
  0x57, 0xc2, 0xdc, 0x3d, 0xbb, 0x57, 0xc9, 0x37, 0x0c, 0xa8, 0xe1, 0xa2, 0x3b, 0xae, 0x73, 0x01,
  0x76, 0x8c, 0xf0, 0x0a, 0xd5, 0x61, 0x94, 0x22, 0xdf, 0xb5, 0x85, 0xde, 0x0f, 0x26, 0x44, 0x59,
  0xf7, 0x62, 0x7c, 0x9d, 0x1b, 0xf7, 0x69, 0x97, 0xac, 0x08, 0x41, 0x42, 0xdb, 0x4e, 0x93, 0xe1,
  0x96, 0x6c, 0x10, 0xea, 0x35, 0x81, 0x34, 0x82, 0x7f, 0x15, 0x25, 0x7e, 0xaf, 0x86, 0xe4, 0xf9,
  0x97, 0x02, 0x1c, 0xfd, 0x7b, 0x97, 0x09, 0xf7, 0xcc, 0x68, 0x21, 0xe2, 0x7b, 0xee, 0x33, 0x41,
  0x36, 0xcc, 0xb0, 0x4a, 0x95, 0x21, 0xd4, 0x62, 0x9f, 0xf5, 0xc5, 0x9e, 0x4f, 0x66, 0x04, 0x19,
  0x37, 0xa2, 0xbc, 0x5d, 0xdb, 0x37, 0xa9, 0x57, 0x6c, 0xc8, 0x81, 0x82, 0x1b, 0x8e, 0x53, 0x21,
  0x56, 0xac, 0xd0, 0x2a, 0xf5, 0x41, 0x74, 0xc2, 0x3f, 0x55, 0x65, 0x3e, 0xef, 0xc6, 0xa4, 0xb9,
  0xd7, 0x42, 0x5c, 0xbd, 0x3b, 0xd7, 0x49, 0xb7, 0x8c, 0x28, 0x61, 0x22, 0xbb, 0x2e, 0xf3, 0x81,
  0xf6, 0x0c, 0x70, 0x8a, 0x55, 0xe1, 0x14, 0xa2, 0x5f, 0x35, 0x05, 0x5e, 0x8f, 0xa6, 0xc4, 0xd9,
  0x77, 0xe2, 0xfc, 0x1d, 0x9b, 0x77, 0xe9, 0x17, 0x2c, 0x88, 0xc1, 0xc2, 0x5b, 0xce, 0x13, 0x61,
  0x16, 0xec, 0x90, 0x6a, 0xb5, 0x01, 0xb4, 0x02, 0xff, 0x95, 0xa5, 0xfe, 0x2f, 0x06, 0x64, 0x79,
  0x17, 0x82, 0x9c, 0x7d, 0xfb, 0x17, 0x89, 0x77, 0x4c, 0xe8, 0xa1, 0x62, 0xfb, 0x6e, 0xb3, 0xc1,
  0xb6, 0x4c, 0x30, 0xca, 0x15, 0xa1, 0x54, 0xe2, 0x1f, 0x75, 0x45, 0x1e, 0xcf, 0xe6, 0x84, 0x99,
  0xb7, 0x22, 0x3c, 0xdd, 0x5b, 0xb7, 0x29, 0xd7, 0xec, 0x48, 0x01, 0x02, 0x9b, 0x0e, 0xd3, 0xa1,
  0xd6, 0x2c, 0x50, 0xaa, 0x75, 0xc1, 0xf4, 0x42, 0xbf, 0xd5, 0xe5, 0xbe, 0x6f, 0x46, 0x24, 0x39,
  0x57, 0xc2, 0xdc, 0x3d, 0xbb, 0x57, 0xc9, 0x37, 0x0c, 0xa8, 0xe1, 0xa2, 0x3b, 0xae, 0x73, 0x01,
  0x76, 0x8c, 0xf0, 0x0a, 0xd5, 0x61, 0x94, 0x22, 0xdf, 0xb5, 0x85, 0xde, 0x0f, 0x26, 0x44, 0x59,
  0xf7, 0x62, 0x7c, 0x9d, 0x1b, 0xf7, 0x69, 0x97, 0xac, 0x08, 0x41, 0x42, 0xdb, 0x4e, 0x93, 0xe1,
  0x96, 0x6c, 0x10, 0xea, 0x35, 0x81, 0x34, 0x82, 0x7f, 0x15, 0x25, 0x7e, 0xaf, 0x86, 0xe4, 0xf9,
  0x97, 0x02, 0x1c, 0xfd, 0x7b, 0x97, 0x09, 0xf7, 0xcc, 0x68, 0x21, 0xe2, 0x7b, 0xee, 0x33, 0x41,
  0x36, 0xcc, 0xb0, 0x4a, 0x95, 0x21, 0xd4, 0x62, 0x9f, 0xf5, 0xc5, 0x9e, 0x4f, 0x66, 0x04, 0x19,
  0x37, 0xa2, 0xbc, 0x5d, 0xdb, 0x37, 0xa9, 0x57, 0x6c, 0xc8, 0x81, 0x82, 0x1b, 0x8e, 0x53, 0x21,
  0x56, 0xac, 0xd0, 0x2a, 0xf5, 0x41, 0x74, 0xc2, 0x3f, 0x55, 0x65, 0x3e, 0xef, 0xc6, 0xa4, 0xb9,
  0xd7, 0x42, 0x5c, 0xbd, 0x3b, 0xd7, 0x49, 0xb7, 0x8c, 0x28, 0x61, 0x22, 0xbb, 0x2e, 0xf3, 0x81,
  0xf6, 0x0c, 0x70, 0x8a, 0x55, 0xe1, 0x14, 0xa2, 0x5f, 0x35, 0x05, 0x5e, 0x8f, 0xa6, 0xc4, 0xd9,
  0x77, 0xe2, 0xfc, 0x1d, 0x9b, 0x77, 0xe9, 0x17, 0x2c, 0x88, 0xc1, 0xc2, 0x5b, 0xce, 0x13, 0x61,
  0x16, 0xec, 0x90, 0x6a, 0xb5, 0x01, 0xb4, 0x02, 0xff, 0x95, 0xa5, 0xfe, 0x2f, 0x06, 0x64, 0x79,
  0x17, 0x82, 0x9c, 0x7d, 0xfb, 0x17, 0x89, 0x77, 0x4c, 0xe8, 0xa1, 0x62, 0xfb, 0x6e, 0xb3, 0xc1,
  0xb6, 0x4c, 0x30, 0xca, 0x15, 0xa1, 0x54, 0xe2, 0x1f, 0x75, 0x45, 0x1e, 0xcf, 0xe6, 0x84, 0x99,
  0xb7, 0x22, 0x3c, 0xdd, 0x5b, 0xb7, 0x29, 0xd7, 0xec, 0x48, 0x01, 0x02, 0x9b, 0x0e, 0xd3, 0xa1,
  0xd6, 0x2c, 0x50, 0xaa, 0x75, 0xc1, 0xf4, 0x42, 0xbf, 0xd5, 0xe5, 0xbe, 0x6f, 0x46, 0x24, 0x39,
  0x57, 0xc2, 0xdc, 0x3d, 0xbb, 0x57, 0xc9, 0x37, 0x0c, 0xa8, 0xe1, 0xa2, 0x3b, 0xae, 0x73, 0x01,
  0x76, 0x8c, 0xf0, 0x0a, 0xd5, 0x61, 0x94, 0x22, 0xdf, 0xb5, 0x85, 0xde, 0x0f, 0x26, 0x44, 0x59,
  0xf7, 0x62, 0x7c, 0x9d, 0x1b, 0xf7, 0x69, 0x97, 0xac, 0x08, 0x41, 0x42, 0xdb, 0x4e, 0x93, 0xe1,
  0x96, 0x6c, 0x10, 0xea, 0x35, 0x81, 0x34, 0x82, 0x7f, 0x15, 0x25, 0x7e, 0xaf, 0x86, 0xe4, 0xf9,
  0x97, 0x02, 0x1c, 0xfd, 0x7b, 0x97, 0x09, 0xf7, 0xcc, 0x68, 0x21, 0xe2, 0x7b, 0xee, 0x33, 0x41,
  0x36, 0xcc, 0xb0, 0x4a, 0x95, 0x21, 0xd4, 0x62, 0x9f, 0xf5, 0xc5, 0x9e, 0x4f, 0x66, 0x04, 0x19,
  0x37, 0xa2, 0xbc, 0x5d, 0xdb, 0x37, 0xa9, 0x57, 0x6c, 0xc8, 0x81, 0x82, 0x1b, 0x8e, 0x53, 0x21,
  0x56, 0xac, 0xd0, 0x2a, 0xf5, 0x41, 0x74, 0xc2, 0x3f, 0x55, 0x65, 0x3e, 0xef, 0xc6, 0xa4, 0xb9,
  0xd7, 0x42, 0x5c, 0xbd, 0x3b, 0xd7, 0x49, 0xb7, 0x8c, 0x28, 0x61, 0x22, 0xbb, 0x2e, 0xf3, 0x81,
  0xf6, 0x0c, 0x70, 0x8a, 0x55, 0xe1, 0x14, 0xa2, 0x5f, 0x35, 0x05, 0x5e, 0x8f, 0xa6, 0xc4, 0xd9,
  0x77, 0xe2, 0xfc, 0x1d, 0x9b, 0x77, 0xe9, 0x17, 0x2c, 0x88, 0xc1, 0xc2, 0x5b, 0xce, 0x13, 0x61,
  0x16, 0xec, 0x90, 0x6a, 0xb5, 0x01, 0xb4, 0x02, 0xff, 0x95, 0xa5, 0xfe, 0x2f, 0x06, 0x64, 0x79,
  0x17, 0x82, 0x9c, 0x7d, 0xfb, 0x17, 0x89, 0x77, 0x4c, 0xe8, 0xa1, 0x62, 0xfb, 0x6e, 0xb3, 0xc1,
  0xb6, 0x4c, 0x30, 0xca, 0x15, 0xa1, 0x54, 0xe2, 0x1f, 0x75, 0x45, 0x1e, 0xcf, 0xe6, 0x84, 0x99,
  0xb7, 0x22, 0x3c, 0xdd, 0x5b, 0xb7, 0x29, 0xd7, 0xec, 0x48, 0x01, 0x02, 0x9b, 0x0e, 0xd3, 0xa1,
  0xd6, 0x2c, 0x50, 0xaa, 0x75, 0xc1, 0xf4, 0x42, 0xbf, 0xd5, 0xe5, 0xbe, 0x6f, 0x46, 0x24, 0x39,
  0x57, 0xc2, 0xdc, 0x3d, 0xbb, 0x57, 0xc9, 0x37, 0x0c, 0xa8, 0xe1, 0xa2, 0x3b, 0xae, 0x73, 0x01,
  0x76, 0x8c, 0xf0, 0x0a, 0xd5, 0x61, 0x94, 0x22, 0xdf, 0xb5, 0x85, 0xde, 0x0f, 0x26, 0x44, 0x59,
  0xf7, 0x62, 0x7c, 0x9d, 0x1b, 0xf7, 0x69, 0x97, 0xac, 0x08, 0x41, 0x42, 0xdb, 0x4e, 0x93, 0xe1,
  0x96, 0x6c, 0x10, 0xea, 0x35, 0x81, 0x34, 0x82, 0x7f, 0x15, 0x25, 0x7e, 0xaf, 0x86, 0xe4, 0xf9,
  0x97, 0x02, 0x1c, 0xfd, 0x7b, 0x97, 0x09, 0xf7, 0xcc, 0x68, 0x21, 0xe2, 0x7b, 0xee, 0x33, 0x41,
  0x36, 0xcc, 0xb0, 0x4a, 0x95, 0x21, 0xd4, 0x62, 0x9f, 0xf5, 0xc5, 0x9e, 0x4f, 0x66, 0x04, 0x19,
  0x37, 0xa2, 0xbc, 0x5d, 0xdb, 0x37, 0xa9, 0x57, 0x6c, 0xc8, 0x81, 0x82, 0x1b, 0x8e, 0x53, 0x21,
  0x56, 0xac, 0xd0, 0x2a, 0xf5, 0x41, 0x74, 0xc2, 0x3f, 0x55, 0x65, 0x3e, 0xef, 0xc6, 0xa4, 0xb9,
  0xd7, 0x42, 0x5c, 0xbd, 0x3b, 0xd7, 0x49, 0xb7, 0x8c, 0x28, 0x61, 0x22, 0xbb, 0x2e, 0xf3, 0x81,
  0xf6, 0x0c, 0x70, 0x8a, 0x55, 0xe1, 0x14, 0xa2, 0x5f, 0x35, 0x05, 0x5e, 0x8f, 0xa6, 0xc4, 0xd9,
  0x77, 0xe2, 0xfc, 0x1d, 0x9b, 0x77, 0xe9, 0x17, 0x2c, 0x88, 0xc1, 0xc2, 0x5b, 0xce, 0x13, 0x61,
  0x16, 0xec, 0x90, 0x6a, 0xb5, 0x01, 0xb4, 0x02, 0xff, 0x95, 0xa5, 0xfe, 0x2f, 0x06, 0x64, 0x79,
  0x17, 0x82, 0x9c, 0x7d, 0xfb, 0x17, 0x89, 0x77, 0x4c, 0xe8, 0xa1, 0x62, 0xfb, 0x6e, 0xb3, 0xc1,
  0xb6, 0x4c, 0x30, 0xca, 0x15, 0xa1, 0x54, 0xe2, 0x1f, 0x75, 0x45, 0x1e, 0xcf, 0xe6, 0x84, 0x99,
  0xb7, 0x22, 0x3c, 0xdd, 0x5b, 0xb7, 0x29, 0xd7, 0xec, 0x48, 0x01, 0x02, 0x9b, 0x0e, 0xd3, 0xa1,
  0xd6, 0x2c, 0x50, 0xaa, 0x75, 0xc1, 0xf4, 0x42, 0xbf, 0xd5, 0xe5, 0xbe, 0x6f, 0x46, 0x24, 0x39,
  0x57, 0xc2, 0xdc, 0x3d, 0xbb, 0x57, 0xc9, 0x37, 0x0c, 0xa8, 0xe1, 0xa2, 0x3b, 0xae, 0x73, 0x01,
  0x76, 0x8c, 0xf0, 0x0a, 0xd5, 0x61, 0x94, 0x22, 0xdf, 0xb5, 0x85, 0xde, 0x0f, 0x26, 0x44, 0x59,
  0xf7, 0x62, 0x7c, 0x9d, 0x1b, 0xf7, 0x69, 0x97, 0xac, 0x08, 0x41, 0x42, 0xdb, 0x4e, 0x93, 0xe1,
  0x96, 0x6c, 0x10, 0xea, 0x35, 0x81, 0x34, 0x82, 0x7f, 0x15, 0x25, 0x7e, 0xaf, 0x86, 0xe4, 0xf9,
  0x97, 0x02, 0x1c, 0xfd, 0x7b, 0x97, 0x09, 0xf7, 0xcc, 0x68, 0x21, 0xe2, 0x7b, 0xee, 0x33, 0x41,
  0x36, 0xcc, 0xb0, 0x4a, 0x95, 0x21, 0xd4, 0x62, 0x9f, 0xf5, 0xc5, 0x9e, 0x4f, 0x66, 0x04, 0x19,
  0x37, 0xa2, 0xbc, 0x5d, 0xdb, 0x37, 0xa9, 0x57, 0x6c, 0xc8, 0x81, 0x82, 0x1b, 0x8e, 0x53, 0x21,
  0x56, 0xac, 0xd0, 0x2a, 0xf5, 0x41, 0x74, 0xc2, 0x3f, 0x55, 0x65, 0x3e, 0xef, 0xc6, 0xa4, 0xb9,
  0xd7, 0x42, 0x5c, 0xbd, 0x3b, 0xd7, 0x49, 0xb7, 0x8c, 0x28, 0x61, 0x22, 0xbb, 0x2e, 0xf3, 0x81,
  0xf6, 0x0c, 0x70, 0x8a, 0x55, 0xe1, 0x14, 0xa2, 0x5f, 0x35, 0x05, 0x5e, 0x8f, 0xa6, 0xc4, 0xd9,
  0x77, 0xe2, 0xfc, 0x1d, 0x9b, 0x77, 0xe9, 0x17, 0x2c, 0x88, 0xc1, 0xc2, 0x5b, 0xce, 0x13, 0x61,
  0x16, 0xec, 0x90, 0x6a, 0xb5, 0x01, 0xb4, 0x02, 0xff, 0x95, 0xa5, 0xfe, 0x2f, 0x06, 0x64, 0x79,
  0x17, 0x82, 0x9c, 0x7d, 0xfb, 0x17, 0x89, 0x77, 0x4c, 0xe8, 0xa1, 0x62, 0xfb, 0x6e, 0xb3, 0xc1,
  0xb6, 0x4c, 0x30, 0xca, 0x15, 0xa1, 0x54, 0xe2, 0x1f, 0x75, 0x45, 0x1e, 0xcf, 0xe6, 0x84, 0x99,
  0xb7, 0x22, 0x3c, 0xdd, 0x5b, 0xb7, 0x29, 0xd7, 0xec, 0x48, 0x01, 0x02, 0x9b, 0x0e, 0xd3, 0xa1,
  0xd6, 0x2c, 0x50, 0xaa, 0x75, 0xc1, 0xf4, 0x42, 0xbf, 0xd5, 0xe5, 0xbe, 0x6f, 0x46, 0x24, 0x39,
  0x57, 0xc2, 0xdc, 0x3d, 0xbb, 0x57, 0xc9, 0x37, 0x0c, 0xa8, 0xe1, 0xa2, 0x3b, 0xae, 0x73, 0x01,
  0x76, 0x8c, 0xf0, 0x0a, 0xd5, 0x61, 0x94, 0x22, 0xdf, 0xb5, 0x85, 0xde, 0x0f, 0x26, 0x44, 0x59,
  0xf7, 0x62, 0x7c, 0x9d, 0x1b, 0xf7, 0x69, 0x97, 0xac, 0x08, 0x41, 0x42, 0xdb, 0x4e, 0x93, 0xe1,
  0x96, 0x6c, 0x10, 0xea, 0x35, 0x81, 0x34, 0x82, 0x7f, 0x15, 0x25, 0x7e, 0xaf, 0x86, 0xe4, 0xf9,
  0x97, 0x02, 0x1c, 0xfd, 0x7b, 0x97, 0x09, 0xf7, 0xcc, 0x68, 0x21, 0xe2, 0x7b, 0xee, 0x33, 0x41,
  0x36, 0xcc, 0xb0, 0x4a, 0x95, 0x21, 0xd4, 0x62, 0x9f, 0xf5, 0xc5, 0x9e, 0x4f, 0x66, 0x04, 0x19,
  0x37, 0xa2, 0xbc, 0x5d, 0xdb, 0x37, 0xa9, 0x57, 0x6c, 0xc8, 0x81, 0x82, 0x1b, 0x8e, 0x53, 0x21,
  0x56, 0xac, 0xd0, 0x2a, 0xf5, 0x41, 0x74, 0xc2, 0x3f, 0x55, 0x65, 0x3e, 0xef, 0xc6, 0xa4, 0xb9,
  0xd7, 0x42, 0x5c, 0xbd, 0x3b, 0xd7, 0x49, 0xb7, 0x8c, 0x28, 0x61, 0x22, 0xbb, 0x2e, 0xf3, 0x81,
  0xf6, 0x0c, 0x70, 0x8a, 0x55, 0xe1, 0x14, 0xa2, 0x5f, 0x35, 0x05, 0x5e, 0x8f, 0xa6, 0xc4, 0xd9,
  0x77, 0xe2, 0xfc, 0x1d, 0x9b, 0x77, 0xe9, 0x17, 0x2c, 0x88, 0xc1, 0xc2, 0x5b, 0xce, 0x13, 0x61,
  0x16, 0xec, 0x90, 0x6a, 0xb5, 0x01, 0xb4, 0x02, 0xff, 0x95, 0xa5, 0xfe, 0x2f, 0x06, 0x64, 0x79,
  0x17, 0x82, 0x9c, 0x7d, 0xfb, 0x17, 0x89, 0x77, 0x4c, 0xe8, 0xa1, 0x62, 0xfb, 0x6e, 0xb3, 0xc1,
  0xb6, 0x4c, 0x30, 0xca, 0x15, 0xa1, 0x54, 0xe2, 0x1f, 0x75, 0x45, 0x1e, 0xcf, 0xe6, 0x84, 0x99,
  0xb7, 0x22, 0x3c, 0xdd, 0x5b, 0xb7, 0x29, 0xd7, 0xec, 0x48, 0x01, 0x02, 0x9b, 0x0e, 0xd3, 0xa1,
  0xd6, 0x2c, 0x50, 0xaa, 0x75, 0xc1, 0xf4, 0x42, 0xbf, 0xd5, 0xe5, 0xbe, 0x6f, 0x46, 0x24, 0x39,
  0x57, 0xc2, 0xdc, 0x3d, 0xbb, 0x57, 0xc9, 0x37, 0x0c, 0xa8, 0xe1, 0xa2, 0x3b, 0xae, 0x73, 0x01,
  0x76, 0x8c, 0xf0, 0x0a, 0xd5, 0x61, 0x94, 0x22, 0xdf, 0xb5, 0x85, 0xde, 0x0f, 0x26, 0x44, 0x59,
  0xf7, 0x62, 0x7c, 0x9d, 0x1b, 0xf7, 0x69, 0x97, 0xac, 0x08, 0x41, 0x42, 0xdb, 0x4e, 0x93, 0xe1,
  0x96, 0x6c, 0x10, 0xea, 0x35, 0x81, 0x34, 0x82, 0x7f, 0x15, 0x25, 0x7e, 0xaf, 0x86, 0xe4, 0xf9,
  0x97, 0x02, 0x1c, 0xfd, 0x7b, 0x97, 0x09, 0xf7, 0xcc, 0x68, 0x21, 0xe2, 0x7b, 0xee, 0x33, 0x41,
  0x36, 0xcc, 0xb0, 0x4a, 0x95, 0x21, 0xd4, 0x62, 0x9f, 0xf5, 0xc5, 0x9e, 0x4f, 0x66, 0x04, 0x19,
  0x37, 0xa2, 0xbc, 0x5d, 0xdb, 0x37, 0xa9, 0x57, 0x6c, 0xc8, 0x81, 0x82, 0x1b, 0x8e, 0x53, 0x21,
  0x56, 0xac, 0xd0, 0x2a, 0xf5, 0x41, 0x74, 0xc2, 0x3f, 0x55, 0x65, 0x3e, 0xef, 0xc6, 0xa4, 0xb9,
  0xd7, 0x42, 0x5c, 0xbd, 0x3b, 0xd7, 0x49, 0xb7, 0x8c, 0x28, 0x61, 0x22, 0xbb, 0x2e, 0xf3, 0x81,
  0xf6, 0x0c, 0x70, 0x8a, 0x55, 0xe1, 0x14, 0xa2, 0x5f, 0x35, 0x05, 0x5e, 0x8f, 0xa6, 0xc4, 0xd9,
  0x77, 0xe2, 0xfc, 0x1d, 0x9b, 0x77, 0xe9, 0x17, 0x2c, 0x88, 0xc1, 0xc2, 0x5b, 0xce, 0x13, 0x61,
  0x16, 0xec, 0x90, 0x6a, 0xb5, 0x01, 0xb4, 0x02, 0xff, 0x95, 0xa5, 0xfe, 0x2f, 0x06, 0x64, 0x79,
  0x17, 0x82, 0x9c, 0x7d, 0xfb, 0x17, 0x89, 0x77, 0x4c, 0xe8, 0xa1, 0x62, 0xfb, 0x6e, 0xb3, 0xc1,
  0xb6, 0x4c, 0x30, 0xca, 0x15, 0xa1, 0x54, 0xe2, 0x1f, 0x75, 0x45, 0x1e, 0xcf, 0xe6, 0x84, 0x99,
  0xb7, 0x22, 0x3c, 0xdd, 0x5b, 0xb7, 0x29, 0xd7, 0xec, 0x48, 0x01, 0x02, 0x9b, 0x0e, 0xd3, 0xa1,
  0xd6, 0x2c, 0x50, 0xaa, 0x75, 0xc1, 0xf4, 0x42, 0xbf, 0xd5, 0xe5, 0xbe, 0x6f, 0x46, 0x24, 0x39,
  0x57, 0xc2, 0xdc, 0x3d, 0xbb, 0x57, 0xc9, 0x37, 0x0c, 0xa8, 0xe1, 0xa2, 0x3b, 0xae, 0x73, 0x01,
  0x76, 0x8c, 0xf0, 0x0a, 0xd5, 0x61, 0x94, 0x22, 0xdf, 0xb5, 0x85, 0xde, 0x0f, 0x26, 0x44, 0x59,
  0xf7, 0x62, 0x7c, 0x9d, 0x1b, 0xf7, 0x69, 0x97, 0xac, 0x08, 0x41, 0x42, 0xdb, 0x4e, 0x93, 0xe1,
  0x96, 0x6c, 0x10, 0xea, 0x35, 0x81, 0x34, 0x82, 0x7f, 0x15, 0x25, 0x7e, 0xaf, 0x86, 0xe4, 0xf9,
  0x97, 0x02, 0x1c, 0xfd, 0x7b, 0x97, 0x09, 0xf7, 0xcc, 0x68, 0x21, 0xe2, 0x7b, 0xee, 0x33, 0x41,
  0x36, 0xcc, 0xb0, 0x4a, 0x95, 0x21, 0xd4, 0x62, 0x9f, 0xf5, 0xc5, 0x9e, 0x4f, 0x66, 0x04, 0x19,
  0x37, 0xa2, 0xbc, 0x5d, 0xdb, 0x37, 0xa9, 0x57, 0x6c, 0xc8, 0x81, 0x82, 0x1b, 0x8e, 0x53, 0x21,
  0x56, 0xac, 0xd0, 0x2a, 0xf5, 0x41, 0x74, 0xc2, 0x3f, 0x55, 0x65, 0x3e, 0xef, 0xc6, 0xa4, 0xb9,
  0xd7, 0x42, 0x5c, 0xbd, 0x3b, 0xd7, 0x49, 0xb7, 0x8c, 0x28, 0x61, 0x22, 0xbb, 0x2e, 0xf3, 0x81,
  0xf6, 0x0c, 0x70, 0x8a, 0x55, 0xe1, 0x14, 0xa2, 0x5f, 0x35, 0x05, 0x5e, 0x8f, 0xa6, 0xc4, 0xd9,
  0x77, 0xe2, 0xfc, 0x1d, 0x9b, 0x77, 0xe9, 0x17, 0x2c, 0x88, 0xc1, 0xc2, 0x5b, 0xce, 0x13, 0x61,
  0x16, 0xec, 0x90, 0x6a, 0xb5, 0x01, 0xb4, 0x02, 0xff, 0x95, 0xa5, 0xfe, 0x2f, 0x06, 0x64, 0x79,
  0x17, 0x82, 0x9c, 0x7d, 0xfb, 0x17, 0x89, 0x77, 0x4c, 0xe8, 0xa1, 0x62, 0xfb, 0x6e, 0xb3, 0xc1,
  0xb6, 0x4c, 0x30, 0xca, 0x15, 0xa1, 0x54, 0xe2, 0x1f, 0x75, 0x45, 0x1e, 0xcf, 0xe6, 0x84, 0x99,
  0xb7, 0x22, 0x3c, 0xdd, 0x5b, 0xb7, 0x29, 0xd7, 0xec, 0x48, 0x01, 0x02, 0x9b, 0x0e, 0xd3, 0xa1,
  0xd6, 0x2c, 0x50, 0xaa, 0x75, 0xc1, 0xf4, 0x42, 0xbf, 0xd5, 0xe5, 0xbe, 0x6f, 0x46, 0x24, 0x39,
  0x57, 0xc2, 0xdc, 0x3d, 0xbb, 0x57, 0xc9, 0x37, 0x0c, 0xa8, 0xe1, 0xa2, 0x3b, 0xae, 0x73, 0x01,
  0x76, 0x8c, 0xf0, 0x0a, 0xd5, 0x61, 0x94, 0x22, 0xdf, 0xb5, 0x85, 0xde, 0x0f, 0x26, 0x44, 0x59,
  0xf7, 0x62, 0x7c, 0x9d, 0x1b, 0xf7, 0x69, 0x97, 0xac, 0x08, 0x41, 0x42, 0xdb, 0x4e, 0x93, 0xe1,
  0x96, 0x6c, 0x10, 0xea, 0x35, 0x81, 0x34, 0x82, 0x7f, 0x15, 0x25, 0x7e, 0xaf, 0x86, 0xe4, 0xf9,
  0x97, 0x02, 0x1c, 0xfd, 0x7b, 0x97, 0x09, 0xf7, 0xcc, 0x68, 0x21, 0xe2, 0x7b, 0xee, 0x33, 0x41,
  0x36, 0xcc, 0xb0, 0x4a, 0x95, 0x21, 0xd4, 0x62, 0x9f, 0xf5, 0xc5, 0x9e, 0x4f, 0x66, 0x04, 0x19,
  0x37, 0xa2, 0xbc, 0x5d, 0xdb, 0x37, 0xa9, 0x57, 0x6c, 0xc8, 0x81, 0x82, 0x1b, 0x8e, 0x53, 0x21,
  0x56, 0xac, 0xd0, 0x2a, 0xf5, 0x41, 0x74, 0xc2, 0x3f, 0x55, 0x65, 0x3e, 0xef, 0xc6, 0xa4, 0xb9,
  0xd7, 0x42, 0x5c, 0xbd, 0x3b, 0xd7, 0x49, 0xb7, 0x8c, 0x28, 0x61, 0x22, 0xbb, 0x2e, 0xf3, 0x81,
  0xf6, 0x0c, 0x70, 0x8a, 0x55, 0xe1, 0x14, 0xa2, 0x5f, 0x35, 0x05, 0x5e, 0x8f, 0xa6, 0xc4, 0xd9,
  0x77, 0xe2, 0xfc, 0x1d, 0x9b, 0x77, 0xe9, 0x17, 0x2c, 0x88, 0xc1, 0xc2, 0x5b, 0xce, 0x13, 0x61,
  0x16, 0xec, 0x90, 0x6a, 0xb5, 0x01, 0xb4, 0x02, 0xff, 0x95, 0xa5, 0xfe, 0x2f, 0x06, 0x64, 0x79,
  0x17, 0x82, 0x9c, 0x7d, 0xfb, 0x17, 0x89, 0x77, 0x4c, 0xe8, 0xa1, 0x62, 0xfb, 0x6e, 0xb3, 0xc1,
  0xb6, 0x4c, 0x30, 0xca, 0x15, 0xa1, 0x54, 0xe2, 0x1f, 0x75, 0x45, 0x1e, 0xcf, 0xe6, 0x84, 0x99,
  0xb7, 0x22, 0x3c, 0xdd, 0x5b, 0xb7, 0x29, 0xd7, 0xec, 0x48, 0x01, 0x02, 0x9b, 0x0e, 0xd3, 0xa1,
  0xd6, 0x2c, 0x50, 0xaa, 0x75, 0xc1, 0xf4, 0x42, 0xbf, 0xd5, 0xe5, 0xbe, 0x6f, 0x46, 0x24, 0x39,
  0x57, 0xc2, 0xdc, 0x3d, 0xbb, 0x57, 0xc9, 0x37, 0x0c, 0xa8, 0xe1, 0xa2, 0x3b, 0xae, 0x73, 0x01,
  0x76, 0x8c, 0xf0, 0x0a, 0xd5, 0x61, 0x94, 0x22, 0xdf, 0xb5, 0x85, 0xde, 0x0f, 0x26, 0x44, 0x59,
  0xf7, 0x62, 0x7c, 0x9d, 0x1b, 0xf7, 0x69, 0x97, 0xac, 0x08, 0x41, 0x42, 0xdb, 0x4e, 0x93, 0xe1,
  0x96, 0x6c, 0x10, 0xea, 0x35, 0x81, 0x34, 0x82, 0x7f, 0x15, 0x25, 0x7e, 0xaf, 0x86, 0xe4, 0xf9,
  0x97, 0x02, 0x1c, 0xfd, 0x7b, 0x97, 0x09, 0xf7, 0xcc, 0x68, 0x21, 0xe2, 0x7b, 0xee, 0x33, 0x41,
  0x36, 0xcc, 0xb0, 0x4a, 0x95, 0x21, 0xd4, 0x62, 0x9f, 0xf5, 0xc5, 0x9e, 0x4f, 0x66, 0x04, 0x19,
  0x37, 0xa2, 0xbc, 0x5d, 0xdb, 0x37, 0xa9, 0x57, 0x6c, 0xc8, 0x81, 0x82, 0x1b, 0x8e, 0x53, 0x21,
  0x56, 0xac, 0xd0, 0x2a, 0xf5, 0x41, 0x74, 0xc2, 0x3f, 0x55, 0x65, 0x3e, 0xef, 0xc6, 0xa4, 0xb9,
  0xd7, 0x42, 0x5c, 0xbd, 0x3b, 0xd7, 0x49, 0xb7, 0x8c, 0x28, 0x61, 0x22, 0xbb, 0x2e, 0xf3, 0x81,
  0xf6, 0x0c, 0x70, 0x8a, 0x55, 0xe1, 0x14, 0xa2, 0x5f, 0x35, 0x05, 0x5e, 0x8f, 0xa6, 0xc4, 0xd9,
  0x77, 0xe2, 0xfc, 0x1d, 0x9b, 0x77, 0xe9, 0x17, 0x2c, 0x88, 0xc1, 0xc2, 0x5b, 0xce, 0x13, 0x61,
  0x16, 0xec, 0x90, 0x6a, 0xb5, 0x01, 0xb4, 0x02, 0xff, 0x95, 0xa5, 0xfe, 0x2f, 0x06, 0x64, 0x79,
  0x17, 0x82, 0x9c, 0x7d, 0xfb, 0x17, 0x89, 0x77, 0x4c, 0xe8, 0xa1, 0x62, 0xfb, 0x6e, 0xb3, 0xc1,
  0xb6, 0x4c, 0x30, 0xca, 0x15, 0xa1, 0x54, 0xe2, 0x1f, 0x75, 0x45, 0x1e, 0xcf, 0xe6, 0x84, 0x99,
  0xb7, 0x22, 0x3c, 0xdd, 0x5b, 0xb7, 0x29, 0xd7, 0xec, 0x48, 0x01, 0x02, 0x9b, 0x0e, 0xd3, 0xa1,
  0xd6, 0x2c, 0x50, 0xaa, 0x75, 0xc1, 0xf4, 0x42, 0xbf, 0xd5, 0xe5, 0xbe, 0x6f, 0x46, 0x24, 0x39,
  0x57, 0xc2, 0xdc, 0x3d, 0xbb, 0x57, 0xc9, 0x37, 0x0c, 0xa8, 0xe1, 0xa2, 0x3b, 0xae, 0x73, 0x01,
  0x76, 0x8c, 0xf0, 0x0a, 0xd5, 0x61, 0x94, 0x22, 0xdf, 0xb5, 0x85, 0xde, 0x0f, 0x26, 0x44, 0x59,
  0xf7, 0x62, 0x7c, 0x9d, 0x1b, 0xf7, 0x69, 0x97, 0xac, 0x08, 0x41, 0x42, 0xdb, 0x4e, 0x93, 0xe1,
  0x96, 0x6c, 0x10, 0xea, 0x35, 0x81, 0x34, 0x82, 0x7f, 0x15, 0x25, 0x7e, 0xaf, 0x86, 0xe4, 0xf9,
  0x97, 0x02, 0x1c, 0xfd, 0x7b, 0x97, 0x09, 0xf7, 0xcc, 0x68, 0x21, 0xe2, 0x7b, 0xee, 0x33, 0x41,
  0x36, 0xcc, 0xb0, 0x4a, 0x95, 0x21, 0xd4, 0x62, 0x9f, 0xf5, 0xc5, 0x9e, 0x4f, 0x66, 0x04, 0x19,
  0x37, 0xa2, 0xbc, 0x5d, 0xdb, 0x37, 0xa9, 0x57, 0x6c, 0xc8, 0x81, 0x82, 0x1b, 0x8e, 0x53, 0x21,
  0x56, 0xac, 0xd0, 0x2a, 0xf5, 0x41, 0x74, 0xc2, 0x3f, 0x55, 0x65, 0x3e, 0xef, 0xc6, 0xa4, 0xb9,
  0xd7, 0x42, 0x5c, 0xbd, 0x3b, 0xd7, 0x49, 0xb7, 0x8c, 0x28, 0x61, 0x22, 0xbb, 0x2e, 0xf3, 0x81,
  0xf6, 0x0c, 0x70, 0x8a, 0x55, 0xe1, 0x14, 0xa2, 0x5f, 0x35, 0x05, 0x5e, 0x8f, 0xa6, 0xc4, 0xd9,
  0x77, 0xe2, 0xfc, 0x1d, 0x9b, 0x77, 0xe9, 0x17, 0x2c, 0x88, 0xc1, 0xc2, 0x5b, 0xce, 0x13, 0x61,
  0x16, 0xec, 0x90, 0x6a, 0xb5, 0x01, 0xb4, 0x02, 0xff, 0x95, 0xa5, 0xfe, 0x2f, 0x06, 0x64, 0x79,
  0x17, 0x82, 0x9c, 0x7d, 0xfb, 0x17, 0x89, 0x77, 0x4c, 0xe8, 0xa1, 0x62, 0xfb, 0x6e, 0xb3, 0xc1,
  0xb6, 0x4c, 0x30, 0xca, 0x15, 0xa1, 0x54, 0xe2, 0x1f, 0x75, 0x45, 0x1e, 0xcf, 0xe6, 0x84, 0x99,
  0xb7, 0x22, 0x3c, 0xdd, 0x5b, 0xb7, 0x29, 0xd7, 0xec, 0x48, 0x01, 0x02, 0x9b, 0x0e, 0xd3, 0xa1,
  0xd6, 0x2c, 0x50, 0xaa, 0x75, 0xc1, 0xf4, 0x42, 0xbf, 0xd5, 0xe5, 0xbe, 0x6f, 0x46, 0x24, 0x39,
  0x57, 0xc2, 0xdc, 0x3d, 0xbb, 0x57, 0xc9, 0x37, 0x0c, 0xa8, 0xe1, 0xa2, 0x3b, 0xae, 0x73, 0x01,
  0x76, 0x8c, 0xf0, 0x0a, 0xd5, 0x61, 0x94, 0x22, 0xdf, 0xb5, 0x85, 0xde, 0x0f, 0x26, 0x44, 0x59,
  0xf7, 0x62, 0x7c, 0x9d, 0x1b, 0xf7, 0x69, 0x97, 0xac, 0x08, 0x41, 0x42, 0xdb, 0x4e, 0x93, 0xe1,
  0x96, 0x6c, 0x10, 0xea, 0x35, 0x81, 0x34, 0x82, 0x7f, 0x15, 0x25, 0x7e, 0xaf, 0x86, 0xe4, 0xf9,
  0x97, 0x02, 0x1c, 0xfd, 0x7b, 0x97, 0x09, 0xf7, 0xcc, 0x68, 0x21, 0xe2, 0x7b, 0xee, 0x33, 0x41,
  0x36, 0xcc, 0xb0, 0x4a, 0x95, 0x21, 0xd4, 0x62, 0x9f, 0xf5, 0xc5, 0x9e, 0x4f, 0x66, 0x04, 0x19,
  0x37, 0xa2, 0xbc, 0x5d, 0xdb, 0x37, 0xa9, 0x57, 0x6c, 0xc8, 0x81, 0x82, 0x1b, 0x8e, 0x53, 0x21,
  0x56, 0xac, 0xd0, 0x2a, 0xf5, 0x41, 0x74, 0xc2, 0x3f, 0x55, 0x65, 0x3e, 0xef, 0xc6, 0xa4, 0xb9,
  0xd7, 0x42, 0x5c, 0xbd, 0x3b, 0xd7, 0x49, 0xb7, 0x8c, 0x28, 0x61, 0x22, 0xbb, 0x2e, 0xf3, 0x81,
  0xf6, 0x0c, 0x70, 0x8a, 0x55, 0xe1, 0x14, 0xa2, 0x5f, 0x35, 0x05, 0x5e, 0x8f, 0xa6, 0xc4, 0xd9,
  0x77, 0xe2, 0xfc, 0x1d, 0x9b, 0x77, 0xe9, 0x17, 0x2c, 0x88, 0xc1, 0xc2, 0x5b, 0xce, 0x13, 0x61,
  0x16, 0xec, 0x90, 0x6a, 0xb5, 0x01, 0xb4, 0x02, 0xff, 0x95, 0xa5, 0xfe, 0x2f, 0x06, 0x64, 0x79,
  0x17, 0x82, 0x9c, 0x7d, 0xfb, 0x17, 0x89, 0x77, 0x4c, 0xe8, 0xa1, 0x62, 0xfb, 0x6e, 0xb3, 0xc1,
  0xb6, 0x4c, 0x30, 0xca, 0x15, 0xa1, 0x54, 0xe2, 0x1f, 0x75, 0x45, 0x1e, 0xcf, 0xe6, 0x84, 0x99,
  0xb7, 0x22, 0x3c, 0xdd, 0x5b, 0xb7, 0x29, 0xd7, 0xec, 0x48, 0x01, 0x02, 0x9b, 0x0e, 0xd3, 0xa1,
  0xd6, 0x2c, 0x50, 0xaa, 0x75, 0xc1, 0xf4, 0x42, 0xbf, 0xd5, 0xe5, 0xbe, 0x6f, 0x46, 0x24, 0x39,
  0x57, 0xc2, 0xdc, 0x3d, 0xbb, 0x57, 0xc9, 0x37, 0x0c, 0xa8, 0xe1, 0xa2, 0x3b, 0xae, 0x73, 0x01,
  0x76, 0x8c, 0xf0, 0x0a, 0xd5, 0x61, 0x94, 0x22, 0xdf, 0xb5, 0x85, 0xde, 0x0f, 0x26, 0x44, 0x59,
  0xf7, 0x62, 0x7c, 0x9d, 0x1b, 0xf7, 0x69, 0x97, 0xac, 0x08, 0x41, 0x42, 0xdb, 0x4e, 0x93, 0xe1,
  0x96, 0x6c, 0x10, 0xea, 0x35, 0x81, 0x34, 0x82, 0x7f, 0x15, 0x25, 0x7e, 0xaf, 0x86, 0xe4, 0xf9,
  0x97, 0x02, 0x1c, 0xfd, 0x7b, 0x97, 0x09, 0xf7, 0xcc, 0x68, 0x21, 0xe2, 0x7b, 0xee, 0x33, 0x41,
  0x36, 0xcc, 0xb0, 0x4a, 0x95, 0x21, 0xd4, 0x62, 0x9f, 0xf5, 0xc5, 0x9e, 0x4f, 0x66, 0x04, 0x19,
  0x37, 0xa2, 0xbc, 0x5d, 0xdb, 0x37, 0xa9, 0x57, 0x6c, 0xc8, 0x81, 0x82, 0x1b, 0x8e, 0x53, 0x21,
  0x56, 0xac, 0xd0, 0x2a, 0xf5, 0x41, 0x74, 0xc2, 0x3f, 0x55, 0x65, 0x3e, 0xef, 0xc6, 0xa4, 0xb9,
  0xd7, 0x42, 0x5c, 0xbd, 0x3b, 0xd7, 0x49, 0xb7, 0x8c, 0x28, 0x61, 0x22, 0xbb, 0x2e, 0xf3, 0x81,
  0xf6, 0x0c, 0x70, 0x8a, 0x55, 0xe1, 0x14, 0xa2, 0x5f, 0x35, 0x05, 0x5e, 0x8f, 0xa6, 0xc4, 0xd9,
};

static const uint8_t IMG_V3_BUGGY[4224] = {
  0x46, 0x57, 0x49, 0x4d, 0x01, 0x00, 0x00, 0x00, 0x00, 0x00, 0x03, 0x00, 0x00, 0x10, 0x00, 0x00,
  0x2f, 0xf0, 0xb8, 0x4c, 0x8d, 0x59, 0xca, 0x13, 0xdf, 0x6f, 0x36, 0x5d, 0xd4, 0xd5, 0x6b, 0xd3,
  0xe3, 0x31, 0x24, 0x29, 0x1a, 0x03, 0x6d, 0xa3, 0x40, 0x16, 0x18, 0x01, 0x8b, 0x33, 0x0c, 0x2a,
  0x76, 0x33, 0x2e, 0x30, 0x20, 0x62, 0x75, 0x67, 0x67, 0x79, 0x00, 0x00, 0x00, 0x00, 0x00, 0x00,
  0xf2, 0x5b, 0x7f, 0x24, 0x53, 0x76, 0xf7, 0x71, 0xfc, 0x5e, 0x21, 0x6e, 0xfd, 0xf0, 0x16, 0x56,
  0xee, 0xfe, 0x0d, 0x13, 0x0f, 0xfb, 0x33, 0xed, 0xe9, 0xf8, 0xc8, 0x4b, 0x5f, 0x6e, 0xa1, 0x62,
  0x90, 0x54, 0xde, 0x15, 0x44, 0xb7, 0x3d, 0xfd, 0x1a, 0x6a, 0xf6, 0xfc, 0xac, 0x1f, 0xe5, 0xd9,
  0x18, 0x4a, 0x8d, 0x36, 0xbf, 0xf7, 0x58, 0xd8, 0x37, 0x76, 0x54, 0x19, 0x60, 0x99, 0x5e, 0xfc,
  0x6e, 0x61, 0x6d, 0x65, 0x3d, 0x76, 0x33, 0x2e, 0x30, 0x20, 0x62, 0x75, 0x67, 0x67, 0x79, 0x3b,
  0x62, 0x6c, 0x69, 0x6e, 0x6b, 0x3d, 0x38, 0x30, 0x3b, 0x73, 0x65, 0x6c, 0x66, 0x74, 0x65, 0x73,
  0x74, 0x3d, 0x66, 0x61, 0x69, 0x6c, 0x3b, 0x6d, 0x73, 0x67, 0x3d, 0x56, 0x65, 0x72, 0x73, 0x69,
  0x6f, 0x6e, 0x20, 0x77, 0x69, 0x74, 0x68, 0x20, 0x61, 0x20, 0x62, 0x75, 0x67, 0x00, 0x3a, 0x7e,
  0xca, 0x20, 0xe3, 0x72, 0xc8, 0x1a, 0x5f, 0xfd, 0x00, 0x69, 0xf6, 0x6e, 0x87, 0xa6, 0x25, 0xdd,
  0x36, 0x0f, 0x0c, 0xee, 0x38, 0x09, 0xb6, 0x22, 0xe7, 0x35, 0x74, 0xf4, 0xba, 0x2b, 0x9a, 0xde,
  0x2a, 0xc0, 0x03, 0x92, 0x28, 0xfa, 0xbf, 0x1d, 0xe0, 0x89, 0x16, 0xce, 0x27, 0x06, 0x85, 0x7d,
  0x96, 0xaf, 0xac, 0x4e, 0x98, 0xa9, 0xd6, 0x42, 0x87, 0x55, 0x14, 0x94, 0xda, 0x4b, 0xfa, 0xbe,
  0x8a, 0x60, 0xa3, 0x32, 0x88, 0x5a, 0x1f, 0xbd, 0x40, 0x29, 0xb6, 0x2e, 0xc7, 0xe6, 0x65, 0x9d,
  0x76, 0x4f, 0x4c, 0xae, 0x78, 0x49, 0x76, 0xe2, 0x27, 0xf5, 0xb4, 0x34, 0x7a, 0xeb, 0x5a, 0x1e,
  0xea, 0x00, 0xc3, 0x52, 0xe8, 0x3a, 0x7f, 0xdd, 0x20, 0x49, 0xd6, 0x8e, 0x67, 0x46, 0xc5, 0x3d,
  0xd6, 0xef, 0xec, 0x0e, 0xd8, 0xe9, 0x96, 0x02, 0xc7, 0x15, 0x54, 0xd4, 0x9a, 0x0b, 0xba, 0xfe,
  0x4a, 0xa0, 0x63, 0xf2, 0x48, 0x9a, 0xdf, 0x7d, 0x80, 0xe9, 0x76, 0xee, 0x07, 0x26, 0xa5, 0x5d,
  0xb6, 0x8f, 0x8c, 0x6e, 0xb8, 0x89, 0x36, 0xa2, 0x67, 0xb5, 0xf4, 0x74, 0x3a, 0xab, 0x1a, 0x5e,
  0xaa, 0x40, 0x83, 0x12, 0xa8, 0x7a, 0x3f, 0x9d, 0x60, 0x09, 0x96, 0x4e, 0xa7, 0x86, 0x05, 0xfd,
  0x16, 0x2f, 0x2c, 0xce, 0x18, 0x29, 0x56, 0xc2, 0x07, 0xd5, 0x94, 0x14, 0x5a, 0xcb, 0x7a, 0x3e,
  0x0a, 0xe0, 0x23, 0xb2, 0x08, 0xda, 0x9f, 0x3d, 0xc0, 0xa9, 0x36, 0xae, 0x47, 0x66, 0xe5, 0x1d,
  0xf6, 0xcf, 0xcc, 0x2e, 0xf8, 0xc9, 0xf6, 0x62, 0xa7, 0x75, 0x34, 0xb4, 0xfa, 0x6b, 0xda, 0x9e,
  0x6a, 0x80, 0x43, 0xd2, 0x68, 0xba, 0xff, 0x5d, 0xa0, 0xc9, 0x56, 0x0e, 0xe7, 0xc6, 0x45, 0xbd,
  0x56, 0x6f, 0x6c, 0x8e, 0x58, 0x69, 0x16, 0x82, 0x47, 0x95, 0xd4, 0x54, 0x1a, 0x8b, 0x3a, 0x7e,
  0xca, 0x20, 0xe3, 0x72, 0xc8, 0x1a, 0x5f, 0xfd, 0x00, 0x69, 0xf6, 0x6e, 0x87, 0xa6, 0x25, 0xdd,
  0x36, 0x0f, 0x0c, 0xee, 0x38, 0x09, 0xb6, 0x22, 0xe7, 0x35, 0x74, 0xf4, 0xba, 0x2b, 0x9a, 0xde,
  0x2a, 0xc0, 0x03, 0x92, 0x28, 0xfa, 0xbf, 0x1d, 0xe0, 0x89, 0x16, 0xce, 0x27, 0x06, 0x85, 0x7d,
  0x96, 0xaf, 0xac, 0x4e, 0x98, 0xa9, 0xd6, 0x42, 0x87, 0x55, 0x14, 0x94, 0xda, 0x4b, 0xfa, 0xbe,
  0x8a, 0x60, 0xa3, 0x32, 0x88, 0x5a, 0x1f, 0xbd, 0x40, 0x29, 0xb6, 0x2e, 0xc7, 0xe6, 0x65, 0x9d,
  0x76, 0x4f, 0x4c, 0xae, 0x78, 0x49, 0x76, 0xe2, 0x27, 0xf5, 0xb4, 0x34, 0x7a, 0xeb, 0x5a, 0x1e,
  0xea, 0x00, 0xc3, 0x52, 0xe8, 0x3a, 0x7f, 0xdd, 0x20, 0x49, 0xd6, 0x8e, 0x67, 0x46, 0xc5, 0x3d,
  0xd6, 0xef, 0xec, 0x0e, 0xd8, 0xe9, 0x96, 0x02, 0xc7, 0x15, 0x54, 0xd4, 0x9a, 0x0b, 0xba, 0xfe,
  0x4a, 0xa0, 0x63, 0xf2, 0x48, 0x9a, 0xdf, 0x7d, 0x80, 0xe9, 0x76, 0xee, 0x07, 0x26, 0xa5, 0x5d,
  0xb6, 0x8f, 0x8c, 0x6e, 0xb8, 0x89, 0x36, 0xa2, 0x67, 0xb5, 0xf4, 0x74, 0x3a, 0xab, 0x1a, 0x5e,
  0xaa, 0x40, 0x83, 0x12, 0xa8, 0x7a, 0x3f, 0x9d, 0x60, 0x09, 0x96, 0x4e, 0xa7, 0x86, 0x05, 0xfd,
  0x16, 0x2f, 0x2c, 0xce, 0x18, 0x29, 0x56, 0xc2, 0x07, 0xd5, 0x94, 0x14, 0x5a, 0xcb, 0x7a, 0x3e,
  0x0a, 0xe0, 0x23, 0xb2, 0x08, 0xda, 0x9f, 0x3d, 0xc0, 0xa9, 0x36, 0xae, 0x47, 0x66, 0xe5, 0x1d,
  0xf6, 0xcf, 0xcc, 0x2e, 0xf8, 0xc9, 0xf6, 0x62, 0xa7, 0x75, 0x34, 0xb4, 0xfa, 0x6b, 0xda, 0x9e,
  0x6a, 0x80, 0x43, 0xd2, 0x68, 0xba, 0xff, 0x5d, 0xa0, 0xc9, 0x56, 0x0e, 0xe7, 0xc6, 0x45, 0xbd,
  0x56, 0x6f, 0x6c, 0x8e, 0x58, 0x69, 0x16, 0x82, 0x47, 0x95, 0xd4, 0x54, 0x1a, 0x8b, 0x3a, 0x7e,
  0xca, 0x20, 0xe3, 0x72, 0xc8, 0x1a, 0x5f, 0xfd, 0x00, 0x69, 0xf6, 0x6e, 0x87, 0xa6, 0x25, 0xdd,
  0x36, 0x0f, 0x0c, 0xee, 0x38, 0x09, 0xb6, 0x22, 0xe7, 0x35, 0x74, 0xf4, 0xba, 0x2b, 0x9a, 0xde,
  0x2a, 0xc0, 0x03, 0x92, 0x28, 0xfa, 0xbf, 0x1d, 0xe0, 0x89, 0x16, 0xce, 0x27, 0x06, 0x85, 0x7d,
  0x96, 0xaf, 0xac, 0x4e, 0x98, 0xa9, 0xd6, 0x42, 0x87, 0x55, 0x14, 0x94, 0xda, 0x4b, 0xfa, 0xbe,
  0x8a, 0x60, 0xa3, 0x32, 0x88, 0x5a, 0x1f, 0xbd, 0x40, 0x29, 0xb6, 0x2e, 0xc7, 0xe6, 0x65, 0x9d,
  0x76, 0x4f, 0x4c, 0xae, 0x78, 0x49, 0x76, 0xe2, 0x27, 0xf5, 0xb4, 0x34, 0x7a, 0xeb, 0x5a, 0x1e,
  0xea, 0x00, 0xc3, 0x52, 0xe8, 0x3a, 0x7f, 0xdd, 0x20, 0x49, 0xd6, 0x8e, 0x67, 0x46, 0xc5, 0x3d,
  0xd6, 0xef, 0xec, 0x0e, 0xd8, 0xe9, 0x96, 0x02, 0xc7, 0x15, 0x54, 0xd4, 0x9a, 0x0b, 0xba, 0xfe,
  0x4a, 0xa0, 0x63, 0xf2, 0x48, 0x9a, 0xdf, 0x7d, 0x80, 0xe9, 0x76, 0xee, 0x07, 0x26, 0xa5, 0x5d,
  0xb6, 0x8f, 0x8c, 0x6e, 0xb8, 0x89, 0x36, 0xa2, 0x67, 0xb5, 0xf4, 0x74, 0x3a, 0xab, 0x1a, 0x5e,
  0xaa, 0x40, 0x83, 0x12, 0xa8, 0x7a, 0x3f, 0x9d, 0x60, 0x09, 0x96, 0x4e, 0xa7, 0x86, 0x05, 0xfd,
  0x16, 0x2f, 0x2c, 0xce, 0x18, 0x29, 0x56, 0xc2, 0x07, 0xd5, 0x94, 0x14, 0x5a, 0xcb, 0x7a, 0x3e,
  0x0a, 0xe0, 0x23, 0xb2, 0x08, 0xda, 0x9f, 0x3d, 0xc0, 0xa9, 0x36, 0xae, 0x47, 0x66, 0xe5, 0x1d,
  0xf6, 0xcf, 0xcc, 0x2e, 0xf8, 0xc9, 0xf6, 0x62, 0xa7, 0x75, 0x34, 0xb4, 0xfa, 0x6b, 0xda, 0x9e,
  0x6a, 0x80, 0x43, 0xd2, 0x68, 0xba, 0xff, 0x5d, 0xa0, 0xc9, 0x56, 0x0e, 0xe7, 0xc6, 0x45, 0xbd,
  0x56, 0x6f, 0x6c, 0x8e, 0x58, 0x69, 0x16, 0x82, 0x47, 0x95, 0xd4, 0x54, 0x1a, 0x8b, 0x3a, 0x7e,
  0xca, 0x20, 0xe3, 0x72, 0xc8, 0x1a, 0x5f, 0xfd, 0x00, 0x69, 0xf6, 0x6e, 0x87, 0xa6, 0x25, 0xdd,
  0x36, 0x0f, 0x0c, 0xee, 0x38, 0x09, 0xb6, 0x22, 0xe7, 0x35, 0x74, 0xf4, 0xba, 0x2b, 0x9a, 0xde,
  0x2a, 0xc0, 0x03, 0x92, 0x28, 0xfa, 0xbf, 0x1d, 0xe0, 0x89, 0x16, 0xce, 0x27, 0x06, 0x85, 0x7d,
  0x96, 0xaf, 0xac, 0x4e, 0x98, 0xa9, 0xd6, 0x42, 0x87, 0x55, 0x14, 0x94, 0xda, 0x4b, 0xfa, 0xbe,
  0x8a, 0x60, 0xa3, 0x32, 0x88, 0x5a, 0x1f, 0xbd, 0x40, 0x29, 0xb6, 0x2e, 0xc7, 0xe6, 0x65, 0x9d,
  0x76, 0x4f, 0x4c, 0xae, 0x78, 0x49, 0x76, 0xe2, 0x27, 0xf5, 0xb4, 0x34, 0x7a, 0xeb, 0x5a, 0x1e,
  0xea, 0x00, 0xc3, 0x52, 0xe8, 0x3a, 0x7f, 0xdd, 0x20, 0x49, 0xd6, 0x8e, 0x67, 0x46, 0xc5, 0x3d,
  0xd6, 0xef, 0xec, 0x0e, 0xd8, 0xe9, 0x96, 0x02, 0xc7, 0x15, 0x54, 0xd4, 0x9a, 0x0b, 0xba, 0xfe,
  0x4a, 0xa0, 0x63, 0xf2, 0x48, 0x9a, 0xdf, 0x7d, 0x80, 0xe9, 0x76, 0xee, 0x07, 0x26, 0xa5, 0x5d,
  0xb6, 0x8f, 0x8c, 0x6e, 0xb8, 0x89, 0x36, 0xa2, 0x67, 0xb5, 0xf4, 0x74, 0x3a, 0xab, 0x1a, 0x5e,
  0xaa, 0x40, 0x83, 0x12, 0xa8, 0x7a, 0x3f, 0x9d, 0x60, 0x09, 0x96, 0x4e, 0xa7, 0x86, 0x05, 0xfd,
  0x16, 0x2f, 0x2c, 0xce, 0x18, 0x29, 0x56, 0xc2, 0x07, 0xd5, 0x94, 0x14, 0x5a, 0xcb, 0x7a, 0x3e,
  0x0a, 0xe0, 0x23, 0xb2, 0x08, 0xda, 0x9f, 0x3d, 0xc0, 0xa9, 0x36, 0xae, 0x47, 0x66, 0xe5, 0x1d,
  0xf6, 0xcf, 0xcc, 0x2e, 0xf8, 0xc9, 0xf6, 0x62, 0xa7, 0x75, 0x34, 0xb4, 0xfa, 0x6b, 0xda, 0x9e,
  0x6a, 0x80, 0x43, 0xd2, 0x68, 0xba, 0xff, 0x5d, 0xa0, 0xc9, 0x56, 0x0e, 0xe7, 0xc6, 0x45, 0xbd,
  0x56, 0x6f, 0x6c, 0x8e, 0x58, 0x69, 0x16, 0x82, 0x47, 0x95, 0xd4, 0x54, 0x1a, 0x8b, 0x3a, 0x7e,
  0xca, 0x20, 0xe3, 0x72, 0xc8, 0x1a, 0x5f, 0xfd, 0x00, 0x69, 0xf6, 0x6e, 0x87, 0xa6, 0x25, 0xdd,
  0x36, 0x0f, 0x0c, 0xee, 0x38, 0x09, 0xb6, 0x22, 0xe7, 0x35, 0x74, 0xf4, 0xba, 0x2b, 0x9a, 0xde,
  0x2a, 0xc0, 0x03, 0x92, 0x28, 0xfa, 0xbf, 0x1d, 0xe0, 0x89, 0x16, 0xce, 0x27, 0x06, 0x85, 0x7d,
  0x96, 0xaf, 0xac, 0x4e, 0x98, 0xa9, 0xd6, 0x42, 0x87, 0x55, 0x14, 0x94, 0xda, 0x4b, 0xfa, 0xbe,
  0x8a, 0x60, 0xa3, 0x32, 0x88, 0x5a, 0x1f, 0xbd, 0x40, 0x29, 0xb6, 0x2e, 0xc7, 0xe6, 0x65, 0x9d,
  0x76, 0x4f, 0x4c, 0xae, 0x78, 0x49, 0x76, 0xe2, 0x27, 0xf5, 0xb4, 0x34, 0x7a, 0xeb, 0x5a, 0x1e,
  0xea, 0x00, 0xc3, 0x52, 0xe8, 0x3a, 0x7f, 0xdd, 0x20, 0x49, 0xd6, 0x8e, 0x67, 0x46, 0xc5, 0x3d,
  0xd6, 0xef, 0xec, 0x0e, 0xd8, 0xe9, 0x96, 0x02, 0xc7, 0x15, 0x54, 0xd4, 0x9a, 0x0b, 0xba, 0xfe,
  0x4a, 0xa0, 0x63, 0xf2, 0x48, 0x9a, 0xdf, 0x7d, 0x80, 0xe9, 0x76, 0xee, 0x07, 0x26, 0xa5, 0x5d,
  0xb6, 0x8f, 0x8c, 0x6e, 0xb8, 0x89, 0x36, 0xa2, 0x67, 0xb5, 0xf4, 0x74, 0x3a, 0xab, 0x1a, 0x5e,
  0xaa, 0x40, 0x83, 0x12, 0xa8, 0x7a, 0x3f, 0x9d, 0x60, 0x09, 0x96, 0x4e, 0xa7, 0x86, 0x05, 0xfd,
  0x16, 0x2f, 0x2c, 0xce, 0x18, 0x29, 0x56, 0xc2, 0x07, 0xd5, 0x94, 0x14, 0x5a, 0xcb, 0x7a, 0x3e,
  0x0a, 0xe0, 0x23, 0xb2, 0x08, 0xda, 0x9f, 0x3d, 0xc0, 0xa9, 0x36, 0xae, 0x47, 0x66, 0xe5, 0x1d,
  0xf6, 0xcf, 0xcc, 0x2e, 0xf8, 0xc9, 0xf6, 0x62, 0xa7, 0x75, 0x34, 0xb4, 0xfa, 0x6b, 0xda, 0x9e,
  0x6a, 0x80, 0x43, 0xd2, 0x68, 0xba, 0xff, 0x5d, 0xa0, 0xc9, 0x56, 0x0e, 0xe7, 0xc6, 0x45, 0xbd,
  0x56, 0x6f, 0x6c, 0x8e, 0x58, 0x69, 0x16, 0x82, 0x47, 0x95, 0xd4, 0x54, 0x1a, 0x8b, 0x3a, 0x7e,
  0xca, 0x20, 0xe3, 0x72, 0xc8, 0x1a, 0x5f, 0xfd, 0x00, 0x69, 0xf6, 0x6e, 0x87, 0xa6, 0x25, 0xdd,
  0x36, 0x0f, 0x0c, 0xee, 0x38, 0x09, 0xb6, 0x22, 0xe7, 0x35, 0x74, 0xf4, 0xba, 0x2b, 0x9a, 0xde,
  0x2a, 0xc0, 0x03, 0x92, 0x28, 0xfa, 0xbf, 0x1d, 0xe0, 0x89, 0x16, 0xce, 0x27, 0x06, 0x85, 0x7d,
  0x96, 0xaf, 0xac, 0x4e, 0x98, 0xa9, 0xd6, 0x42, 0x87, 0x55, 0x14, 0x94, 0xda, 0x4b, 0xfa, 0xbe,
  0x8a, 0x60, 0xa3, 0x32, 0x88, 0x5a, 0x1f, 0xbd, 0x40, 0x29, 0xb6, 0x2e, 0xc7, 0xe6, 0x65, 0x9d,
  0x76, 0x4f, 0x4c, 0xae, 0x78, 0x49, 0x76, 0xe2, 0x27, 0xf5, 0xb4, 0x34, 0x7a, 0xeb, 0x5a, 0x1e,
  0xea, 0x00, 0xc3, 0x52, 0xe8, 0x3a, 0x7f, 0xdd, 0x20, 0x49, 0xd6, 0x8e, 0x67, 0x46, 0xc5, 0x3d,
  0xd6, 0xef, 0xec, 0x0e, 0xd8, 0xe9, 0x96, 0x02, 0xc7, 0x15, 0x54, 0xd4, 0x9a, 0x0b, 0xba, 0xfe,
  0x4a, 0xa0, 0x63, 0xf2, 0x48, 0x9a, 0xdf, 0x7d, 0x80, 0xe9, 0x76, 0xee, 0x07, 0x26, 0xa5, 0x5d,
  0xb6, 0x8f, 0x8c, 0x6e, 0xb8, 0x89, 0x36, 0xa2, 0x67, 0xb5, 0xf4, 0x74, 0x3a, 0xab, 0x1a, 0x5e,
  0xaa, 0x40, 0x83, 0x12, 0xa8, 0x7a, 0x3f, 0x9d, 0x60, 0x09, 0x96, 0x4e, 0xa7, 0x86, 0x05, 0xfd,
  0x16, 0x2f, 0x2c, 0xce, 0x18, 0x29, 0x56, 0xc2, 0x07, 0xd5, 0x94, 0x14, 0x5a, 0xcb, 0x7a, 0x3e,
  0x0a, 0xe0, 0x23, 0xb2, 0x08, 0xda, 0x9f, 0x3d, 0xc0, 0xa9, 0x36, 0xae, 0x47, 0x66, 0xe5, 0x1d,
  0xf6, 0xcf, 0xcc, 0x2e, 0xf8, 0xc9, 0xf6, 0x62, 0xa7, 0x75, 0x34, 0xb4, 0xfa, 0x6b, 0xda, 0x9e,
  0x6a, 0x80, 0x43, 0xd2, 0x68, 0xba, 0xff, 0x5d, 0xa0, 0xc9, 0x56, 0x0e, 0xe7, 0xc6, 0x45, 0xbd,
  0x56, 0x6f, 0x6c, 0x8e, 0x58, 0x69, 0x16, 0x82, 0x47, 0x95, 0xd4, 0x54, 0x1a, 0x8b, 0x3a, 0x7e,
  0xca, 0x20, 0xe3, 0x72, 0xc8, 0x1a, 0x5f, 0xfd, 0x00, 0x69, 0xf6, 0x6e, 0x87, 0xa6, 0x25, 0xdd,
  0x36, 0x0f, 0x0c, 0xee, 0x38, 0x09, 0xb6, 0x22, 0xe7, 0x35, 0x74, 0xf4, 0xba, 0x2b, 0x9a, 0xde,
  0x2a, 0xc0, 0x03, 0x92, 0x28, 0xfa, 0xbf, 0x1d, 0xe0, 0x89, 0x16, 0xce, 0x27, 0x06, 0x85, 0x7d,
  0x96, 0xaf, 0xac, 0x4e, 0x98, 0xa9, 0xd6, 0x42, 0x87, 0x55, 0x14, 0x94, 0xda, 0x4b, 0xfa, 0xbe,
  0x8a, 0x60, 0xa3, 0x32, 0x88, 0x5a, 0x1f, 0xbd, 0x40, 0x29, 0xb6, 0x2e, 0xc7, 0xe6, 0x65, 0x9d,
  0x76, 0x4f, 0x4c, 0xae, 0x78, 0x49, 0x76, 0xe2, 0x27, 0xf5, 0xb4, 0x34, 0x7a, 0xeb, 0x5a, 0x1e,
  0xea, 0x00, 0xc3, 0x52, 0xe8, 0x3a, 0x7f, 0xdd, 0x20, 0x49, 0xd6, 0x8e, 0x67, 0x46, 0xc5, 0x3d,
  0xd6, 0xef, 0xec, 0x0e, 0xd8, 0xe9, 0x96, 0x02, 0xc7, 0x15, 0x54, 0xd4, 0x9a, 0x0b, 0xba, 0xfe,
  0x4a, 0xa0, 0x63, 0xf2, 0x48, 0x9a, 0xdf, 0x7d, 0x80, 0xe9, 0x76, 0xee, 0x07, 0x26, 0xa5, 0x5d,
  0xb6, 0x8f, 0x8c, 0x6e, 0xb8, 0x89, 0x36, 0xa2, 0x67, 0xb5, 0xf4, 0x74, 0x3a, 0xab, 0x1a, 0x5e,
  0xaa, 0x40, 0x83, 0x12, 0xa8, 0x7a, 0x3f, 0x9d, 0x60, 0x09, 0x96, 0x4e, 0xa7, 0x86, 0x05, 0xfd,
  0x16, 0x2f, 0x2c, 0xce, 0x18, 0x29, 0x56, 0xc2, 0x07, 0xd5, 0x94, 0x14, 0x5a, 0xcb, 0x7a, 0x3e,
  0x0a, 0xe0, 0x23, 0xb2, 0x08, 0xda, 0x9f, 0x3d, 0xc0, 0xa9, 0x36, 0xae, 0x47, 0x66, 0xe5, 0x1d,
  0xf6, 0xcf, 0xcc, 0x2e, 0xf8, 0xc9, 0xf6, 0x62, 0xa7, 0x75, 0x34, 0xb4, 0xfa, 0x6b, 0xda, 0x9e,
  0x6a, 0x80, 0x43, 0xd2, 0x68, 0xba, 0xff, 0x5d, 0xa0, 0xc9, 0x56, 0x0e, 0xe7, 0xc6, 0x45, 0xbd,
  0x56, 0x6f, 0x6c, 0x8e, 0x58, 0x69, 0x16, 0x82, 0x47, 0x95, 0xd4, 0x54, 0x1a, 0x8b, 0x3a, 0x7e,
  0xca, 0x20, 0xe3, 0x72, 0xc8, 0x1a, 0x5f, 0xfd, 0x00, 0x69, 0xf6, 0x6e, 0x87, 0xa6, 0x25, 0xdd,
  0x36, 0x0f, 0x0c, 0xee, 0x38, 0x09, 0xb6, 0x22, 0xe7, 0x35, 0x74, 0xf4, 0xba, 0x2b, 0x9a, 0xde,
  0x2a, 0xc0, 0x03, 0x92, 0x28, 0xfa, 0xbf, 0x1d, 0xe0, 0x89, 0x16, 0xce, 0x27, 0x06, 0x85, 0x7d,
  0x96, 0xaf, 0xac, 0x4e, 0x98, 0xa9, 0xd6, 0x42, 0x87, 0x55, 0x14, 0x94, 0xda, 0x4b, 0xfa, 0xbe,
  0x8a, 0x60, 0xa3, 0x32, 0x88, 0x5a, 0x1f, 0xbd, 0x40, 0x29, 0xb6, 0x2e, 0xc7, 0xe6, 0x65, 0x9d,
  0x76, 0x4f, 0x4c, 0xae, 0x78, 0x49, 0x76, 0xe2, 0x27, 0xf5, 0xb4, 0x34, 0x7a, 0xeb, 0x5a, 0x1e,
  0xea, 0x00, 0xc3, 0x52, 0xe8, 0x3a, 0x7f, 0xdd, 0x20, 0x49, 0xd6, 0x8e, 0x67, 0x46, 0xc5, 0x3d,
  0xd6, 0xef, 0xec, 0x0e, 0xd8, 0xe9, 0x96, 0x02, 0xc7, 0x15, 0x54, 0xd4, 0x9a, 0x0b, 0xba, 0xfe,
  0x4a, 0xa0, 0x63, 0xf2, 0x48, 0x9a, 0xdf, 0x7d, 0x80, 0xe9, 0x76, 0xee, 0x07, 0x26, 0xa5, 0x5d,
  0xb6, 0x8f, 0x8c, 0x6e, 0xb8, 0x89, 0x36, 0xa2, 0x67, 0xb5, 0xf4, 0x74, 0x3a, 0xab, 0x1a, 0x5e,
  0xaa, 0x40, 0x83, 0x12, 0xa8, 0x7a, 0x3f, 0x9d, 0x60, 0x09, 0x96, 0x4e, 0xa7, 0x86, 0x05, 0xfd,
  0x16, 0x2f, 0x2c, 0xce, 0x18, 0x29, 0x56, 0xc2, 0x07, 0xd5, 0x94, 0x14, 0x5a, 0xcb, 0x7a, 0x3e,
  0x0a, 0xe0, 0x23, 0xb2, 0x08, 0xda, 0x9f, 0x3d, 0xc0, 0xa9, 0x36, 0xae, 0x47, 0x66, 0xe5, 0x1d,
  0xf6, 0xcf, 0xcc, 0x2e, 0xf8, 0xc9, 0xf6, 0x62, 0xa7, 0x75, 0x34, 0xb4, 0xfa, 0x6b, 0xda, 0x9e,
  0x6a, 0x80, 0x43, 0xd2, 0x68, 0xba, 0xff, 0x5d, 0xa0, 0xc9, 0x56, 0x0e, 0xe7, 0xc6, 0x45, 0xbd,
  0x56, 0x6f, 0x6c, 0x8e, 0x58, 0x69, 0x16, 0x82, 0x47, 0x95, 0xd4, 0x54, 0x1a, 0x8b, 0x3a, 0x7e,
  0xca, 0x20, 0xe3, 0x72, 0xc8, 0x1a, 0x5f, 0xfd, 0x00, 0x69, 0xf6, 0x6e, 0x87, 0xa6, 0x25, 0xdd,
  0x36, 0x0f, 0x0c, 0xee, 0x38, 0x09, 0xb6, 0x22, 0xe7, 0x35, 0x74, 0xf4, 0xba, 0x2b, 0x9a, 0xde,
  0x2a, 0xc0, 0x03, 0x92, 0x28, 0xfa, 0xbf, 0x1d, 0xe0, 0x89, 0x16, 0xce, 0x27, 0x06, 0x85, 0x7d,
  0x96, 0xaf, 0xac, 0x4e, 0x98, 0xa9, 0xd6, 0x42, 0x87, 0x55, 0x14, 0x94, 0xda, 0x4b, 0xfa, 0xbe,
  0x8a, 0x60, 0xa3, 0x32, 0x88, 0x5a, 0x1f, 0xbd, 0x40, 0x29, 0xb6, 0x2e, 0xc7, 0xe6, 0x65, 0x9d,
  0x76, 0x4f, 0x4c, 0xae, 0x78, 0x49, 0x76, 0xe2, 0x27, 0xf5, 0xb4, 0x34, 0x7a, 0xeb, 0x5a, 0x1e,
  0xea, 0x00, 0xc3, 0x52, 0xe8, 0x3a, 0x7f, 0xdd, 0x20, 0x49, 0xd6, 0x8e, 0x67, 0x46, 0xc5, 0x3d,
  0xd6, 0xef, 0xec, 0x0e, 0xd8, 0xe9, 0x96, 0x02, 0xc7, 0x15, 0x54, 0xd4, 0x9a, 0x0b, 0xba, 0xfe,
  0x4a, 0xa0, 0x63, 0xf2, 0x48, 0x9a, 0xdf, 0x7d, 0x80, 0xe9, 0x76, 0xee, 0x07, 0x26, 0xa5, 0x5d,
  0xb6, 0x8f, 0x8c, 0x6e, 0xb8, 0x89, 0x36, 0xa2, 0x67, 0xb5, 0xf4, 0x74, 0x3a, 0xab, 0x1a, 0x5e,
  0xaa, 0x40, 0x83, 0x12, 0xa8, 0x7a, 0x3f, 0x9d, 0x60, 0x09, 0x96, 0x4e, 0xa7, 0x86, 0x05, 0xfd,
  0x16, 0x2f, 0x2c, 0xce, 0x18, 0x29, 0x56, 0xc2, 0x07, 0xd5, 0x94, 0x14, 0x5a, 0xcb, 0x7a, 0x3e,
  0x0a, 0xe0, 0x23, 0xb2, 0x08, 0xda, 0x9f, 0x3d, 0xc0, 0xa9, 0x36, 0xae, 0x47, 0x66, 0xe5, 0x1d,
  0xf6, 0xcf, 0xcc, 0x2e, 0xf8, 0xc9, 0xf6, 0x62, 0xa7, 0x75, 0x34, 0xb4, 0xfa, 0x6b, 0xda, 0x9e,
  0x6a, 0x80, 0x43, 0xd2, 0x68, 0xba, 0xff, 0x5d, 0xa0, 0xc9, 0x56, 0x0e, 0xe7, 0xc6, 0x45, 0xbd,
  0x56, 0x6f, 0x6c, 0x8e, 0x58, 0x69, 0x16, 0x82, 0x47, 0x95, 0xd4, 0x54, 0x1a, 0x8b, 0x3a, 0x7e,
  0xca, 0x20, 0xe3, 0x72, 0xc8, 0x1a, 0x5f, 0xfd, 0x00, 0x69, 0xf6, 0x6e, 0x87, 0xa6, 0x25, 0xdd,
  0x36, 0x0f, 0x0c, 0xee, 0x38, 0x09, 0xb6, 0x22, 0xe7, 0x35, 0x74, 0xf4, 0xba, 0x2b, 0x9a, 0xde,
  0x2a, 0xc0, 0x03, 0x92, 0x28, 0xfa, 0xbf, 0x1d, 0xe0, 0x89, 0x16, 0xce, 0x27, 0x06, 0x85, 0x7d,
  0x96, 0xaf, 0xac, 0x4e, 0x98, 0xa9, 0xd6, 0x42, 0x87, 0x55, 0x14, 0x94, 0xda, 0x4b, 0xfa, 0xbe,
  0x8a, 0x60, 0xa3, 0x32, 0x88, 0x5a, 0x1f, 0xbd, 0x40, 0x29, 0xb6, 0x2e, 0xc7, 0xe6, 0x65, 0x9d,
  0x76, 0x4f, 0x4c, 0xae, 0x78, 0x49, 0x76, 0xe2, 0x27, 0xf5, 0xb4, 0x34, 0x7a, 0xeb, 0x5a, 0x1e,
  0xea, 0x00, 0xc3, 0x52, 0xe8, 0x3a, 0x7f, 0xdd, 0x20, 0x49, 0xd6, 0x8e, 0x67, 0x46, 0xc5, 0x3d,
  0xd6, 0xef, 0xec, 0x0e, 0xd8, 0xe9, 0x96, 0x02, 0xc7, 0x15, 0x54, 0xd4, 0x9a, 0x0b, 0xba, 0xfe,
  0x4a, 0xa0, 0x63, 0xf2, 0x48, 0x9a, 0xdf, 0x7d, 0x80, 0xe9, 0x76, 0xee, 0x07, 0x26, 0xa5, 0x5d,
  0xb6, 0x8f, 0x8c, 0x6e, 0xb8, 0x89, 0x36, 0xa2, 0x67, 0xb5, 0xf4, 0x74, 0x3a, 0xab, 0x1a, 0x5e,
  0xaa, 0x40, 0x83, 0x12, 0xa8, 0x7a, 0x3f, 0x9d, 0x60, 0x09, 0x96, 0x4e, 0xa7, 0x86, 0x05, 0xfd,
  0x16, 0x2f, 0x2c, 0xce, 0x18, 0x29, 0x56, 0xc2, 0x07, 0xd5, 0x94, 0x14, 0x5a, 0xcb, 0x7a, 0x3e,
  0x0a, 0xe0, 0x23, 0xb2, 0x08, 0xda, 0x9f, 0x3d, 0xc0, 0xa9, 0x36, 0xae, 0x47, 0x66, 0xe5, 0x1d,
  0xf6, 0xcf, 0xcc, 0x2e, 0xf8, 0xc9, 0xf6, 0x62, 0xa7, 0x75, 0x34, 0xb4, 0xfa, 0x6b, 0xda, 0x9e,
  0x6a, 0x80, 0x43, 0xd2, 0x68, 0xba, 0xff, 0x5d, 0xa0, 0xc9, 0x56, 0x0e, 0xe7, 0xc6, 0x45, 0xbd,
  0x56, 0x6f, 0x6c, 0x8e, 0x58, 0x69, 0x16, 0x82, 0x47, 0x95, 0xd4, 0x54, 0x1a, 0x8b, 0x3a, 0x7e,
  0xca, 0x20, 0xe3, 0x72, 0xc8, 0x1a, 0x5f, 0xfd, 0x00, 0x69, 0xf6, 0x6e, 0x87, 0xa6, 0x25, 0xdd,
  0x36, 0x0f, 0x0c, 0xee, 0x38, 0x09, 0xb6, 0x22, 0xe7, 0x35, 0x74, 0xf4, 0xba, 0x2b, 0x9a, 0xde,
  0x2a, 0xc0, 0x03, 0x92, 0x28, 0xfa, 0xbf, 0x1d, 0xe0, 0x89, 0x16, 0xce, 0x27, 0x06, 0x85, 0x7d,
  0x96, 0xaf, 0xac, 0x4e, 0x98, 0xa9, 0xd6, 0x42, 0x87, 0x55, 0x14, 0x94, 0xda, 0x4b, 0xfa, 0xbe,
  0x8a, 0x60, 0xa3, 0x32, 0x88, 0x5a, 0x1f, 0xbd, 0x40, 0x29, 0xb6, 0x2e, 0xc7, 0xe6, 0x65, 0x9d,
  0x76, 0x4f, 0x4c, 0xae, 0x78, 0x49, 0x76, 0xe2, 0x27, 0xf5, 0xb4, 0x34, 0x7a, 0xeb, 0x5a, 0x1e,
  0xea, 0x00, 0xc3, 0x52, 0xe8, 0x3a, 0x7f, 0xdd, 0x20, 0x49, 0xd6, 0x8e, 0x67, 0x46, 0xc5, 0x3d,
  0xd6, 0xef, 0xec, 0x0e, 0xd8, 0xe9, 0x96, 0x02, 0xc7, 0x15, 0x54, 0xd4, 0x9a, 0x0b, 0xba, 0xfe,
  0x4a, 0xa0, 0x63, 0xf2, 0x48, 0x9a, 0xdf, 0x7d, 0x80, 0xe9, 0x76, 0xee, 0x07, 0x26, 0xa5, 0x5d,
  0xb6, 0x8f, 0x8c, 0x6e, 0xb8, 0x89, 0x36, 0xa2, 0x67, 0xb5, 0xf4, 0x74, 0x3a, 0xab, 0x1a, 0x5e,
  0xaa, 0x40, 0x83, 0x12, 0xa8, 0x7a, 0x3f, 0x9d, 0x60, 0x09, 0x96, 0x4e, 0xa7, 0x86, 0x05, 0xfd,
  0x16, 0x2f, 0x2c, 0xce, 0x18, 0x29, 0x56, 0xc2, 0x07, 0xd5, 0x94, 0x14, 0x5a, 0xcb, 0x7a, 0x3e,
  0x0a, 0xe0, 0x23, 0xb2, 0x08, 0xda, 0x9f, 0x3d, 0xc0, 0xa9, 0x36, 0xae, 0x47, 0x66, 0xe5, 0x1d,
  0xf6, 0xcf, 0xcc, 0x2e, 0xf8, 0xc9, 0xf6, 0x62, 0xa7, 0x75, 0x34, 0xb4, 0xfa, 0x6b, 0xda, 0x9e,
  0x6a, 0x80, 0x43, 0xd2, 0x68, 0xba, 0xff, 0x5d, 0xa0, 0xc9, 0x56, 0x0e, 0xe7, 0xc6, 0x45, 0xbd,
  0x56, 0x6f, 0x6c, 0x8e, 0x58, 0x69, 0x16, 0x82, 0x47, 0x95, 0xd4, 0x54, 0x1a, 0x8b, 0x3a, 0x7e,
  0xca, 0x20, 0xe3, 0x72, 0xc8, 0x1a, 0x5f, 0xfd, 0x00, 0x69, 0xf6, 0x6e, 0x87, 0xa6, 0x25, 0xdd,
  0x36, 0x0f, 0x0c, 0xee, 0x38, 0x09, 0xb6, 0x22, 0xe7, 0x35, 0x74, 0xf4, 0xba, 0x2b, 0x9a, 0xde,
  0x2a, 0xc0, 0x03, 0x92, 0x28, 0xfa, 0xbf, 0x1d, 0xe0, 0x89, 0x16, 0xce, 0x27, 0x06, 0x85, 0x7d,
  0x96, 0xaf, 0xac, 0x4e, 0x98, 0xa9, 0xd6, 0x42, 0x87, 0x55, 0x14, 0x94, 0xda, 0x4b, 0xfa, 0xbe,
  0x8a, 0x60, 0xa3, 0x32, 0x88, 0x5a, 0x1f, 0xbd, 0x40, 0x29, 0xb6, 0x2e, 0xc7, 0xe6, 0x65, 0x9d,
  0x76, 0x4f, 0x4c, 0xae, 0x78, 0x49, 0x76, 0xe2, 0x27, 0xf5, 0xb4, 0x34, 0x7a, 0xeb, 0x5a, 0x1e,
  0xea, 0x00, 0xc3, 0x52, 0xe8, 0x3a, 0x7f, 0xdd, 0x20, 0x49, 0xd6, 0x8e, 0x67, 0x46, 0xc5, 0x3d,
  0xd6, 0xef, 0xec, 0x0e, 0xd8, 0xe9, 0x96, 0x02, 0xc7, 0x15, 0x54, 0xd4, 0x9a, 0x0b, 0xba, 0xfe,
  0x4a, 0xa0, 0x63, 0xf2, 0x48, 0x9a, 0xdf, 0x7d, 0x80, 0xe9, 0x76, 0xee, 0x07, 0x26, 0xa5, 0x5d,
  0xb6, 0x8f, 0x8c, 0x6e, 0xb8, 0x89, 0x36, 0xa2, 0x67, 0xb5, 0xf4, 0x74, 0x3a, 0xab, 0x1a, 0x5e,
  0xaa, 0x40, 0x83, 0x12, 0xa8, 0x7a, 0x3f, 0x9d, 0x60, 0x09, 0x96, 0x4e, 0xa7, 0x86, 0x05, 0xfd,
  0x16, 0x2f, 0x2c, 0xce, 0x18, 0x29, 0x56, 0xc2, 0x07, 0xd5, 0x94, 0x14, 0x5a, 0xcb, 0x7a, 0x3e,
  0x0a, 0xe0, 0x23, 0xb2, 0x08, 0xda, 0x9f, 0x3d, 0xc0, 0xa9, 0x36, 0xae, 0x47, 0x66, 0xe5, 0x1d,
  0xf6, 0xcf, 0xcc, 0x2e, 0xf8, 0xc9, 0xf6, 0x62, 0xa7, 0x75, 0x34, 0xb4, 0xfa, 0x6b, 0xda, 0x9e,
  0x6a, 0x80, 0x43, 0xd2, 0x68, 0xba, 0xff, 0x5d, 0xa0, 0xc9, 0x56, 0x0e, 0xe7, 0xc6, 0x45, 0xbd,
  0x56, 0x6f, 0x6c, 0x8e, 0x58, 0x69, 0x16, 0x82, 0x47, 0x95, 0xd4, 0x54, 0x1a, 0x8b, 0x3a, 0x7e,
  0xca, 0x20, 0xe3, 0x72, 0xc8, 0x1a, 0x5f, 0xfd, 0x00, 0x69, 0xf6, 0x6e, 0x87, 0xa6, 0x25, 0xdd,
  0x36, 0x0f, 0x0c, 0xee, 0x38, 0x09, 0xb6, 0x22, 0xe7, 0x35, 0x74, 0xf4, 0xba, 0x2b, 0x9a, 0xde,
  0x2a, 0xc0, 0x03, 0x92, 0x28, 0xfa, 0xbf, 0x1d, 0xe0, 0x89, 0x16, 0xce, 0x27, 0x06, 0x85, 0x7d,
  0x96, 0xaf, 0xac, 0x4e, 0x98, 0xa9, 0xd6, 0x42, 0x87, 0x55, 0x14, 0x94, 0xda, 0x4b, 0xfa, 0xbe,
  0x8a, 0x60, 0xa3, 0x32, 0x88, 0x5a, 0x1f, 0xbd, 0x40, 0x29, 0xb6, 0x2e, 0xc7, 0xe6, 0x65, 0x9d,
  0x76, 0x4f, 0x4c, 0xae, 0x78, 0x49, 0x76, 0xe2, 0x27, 0xf5, 0xb4, 0x34, 0x7a, 0xeb, 0x5a, 0x1e,
  0xea, 0x00, 0xc3, 0x52, 0xe8, 0x3a, 0x7f, 0xdd, 0x20, 0x49, 0xd6, 0x8e, 0x67, 0x46, 0xc5, 0x3d,
  0xd6, 0xef, 0xec, 0x0e, 0xd8, 0xe9, 0x96, 0x02, 0xc7, 0x15, 0x54, 0xd4, 0x9a, 0x0b, 0xba, 0xfe,
  0x4a, 0xa0, 0x63, 0xf2, 0x48, 0x9a, 0xdf, 0x7d, 0x80, 0xe9, 0x76, 0xee, 0x07, 0x26, 0xa5, 0x5d,
  0xb6, 0x8f, 0x8c, 0x6e, 0xb8, 0x89, 0x36, 0xa2, 0x67, 0xb5, 0xf4, 0x74, 0x3a, 0xab, 0x1a, 0x5e,
  0xaa, 0x40, 0x83, 0x12, 0xa8, 0x7a, 0x3f, 0x9d, 0x60, 0x09, 0x96, 0x4e, 0xa7, 0x86, 0x05, 0xfd,
  0x16, 0x2f, 0x2c, 0xce, 0x18, 0x29, 0x56, 0xc2, 0x07, 0xd5, 0x94, 0x14, 0x5a, 0xcb, 0x7a, 0x3e,
  0x0a, 0xe0, 0x23, 0xb2, 0x08, 0xda, 0x9f, 0x3d, 0xc0, 0xa9, 0x36, 0xae, 0x47, 0x66, 0xe5, 0x1d,
  0xf6, 0xcf, 0xcc, 0x2e, 0xf8, 0xc9, 0xf6, 0x62, 0xa7, 0x75, 0x34, 0xb4, 0xfa, 0x6b, 0xda, 0x9e,
  0x6a, 0x80, 0x43, 0xd2, 0x68, 0xba, 0xff, 0x5d, 0xa0, 0xc9, 0x56, 0x0e, 0xe7, 0xc6, 0x45, 0xbd,
  0x56, 0x6f, 0x6c, 0x8e, 0x58, 0x69, 0x16, 0x82, 0x47, 0x95, 0xd4, 0x54, 0x1a, 0x8b, 0x3a, 0x7e,
  0xca, 0x20, 0xe3, 0x72, 0xc8, 0x1a, 0x5f, 0xfd, 0x00, 0x69, 0xf6, 0x6e, 0x87, 0xa6, 0x25, 0xdd,
  0x36, 0x0f, 0x0c, 0xee, 0x38, 0x09, 0xb6, 0x22, 0xe7, 0x35, 0x74, 0xf4, 0xba, 0x2b, 0x9a, 0xde,
  0x2a, 0xc0, 0x03, 0x92, 0x28, 0xfa, 0xbf, 0x1d, 0xe0, 0x89, 0x16, 0xce, 0x27, 0x06, 0x85, 0x7d,
  0x96, 0xaf, 0xac, 0x4e, 0x98, 0xa9, 0xd6, 0x42, 0x87, 0x55, 0x14, 0x94, 0xda, 0x4b, 0xfa, 0xbe,
  0x8a, 0x60, 0xa3, 0x32, 0x88, 0x5a, 0x1f, 0xbd, 0x40, 0x29, 0xb6, 0x2e, 0xc7, 0xe6, 0x65, 0x9d,
  0x76, 0x4f, 0x4c, 0xae, 0x78, 0x49, 0x76, 0xe2, 0x27, 0xf5, 0xb4, 0x34, 0x7a, 0xeb, 0x5a, 0x1e,
  0xea, 0x00, 0xc3, 0x52, 0xe8, 0x3a, 0x7f, 0xdd, 0x20, 0x49, 0xd6, 0x8e, 0x67, 0x46, 0xc5, 0x3d,
  0xd6, 0xef, 0xec, 0x0e, 0xd8, 0xe9, 0x96, 0x02, 0xc7, 0x15, 0x54, 0xd4, 0x9a, 0x0b, 0xba, 0xfe,
  0x4a, 0xa0, 0x63, 0xf2, 0x48, 0x9a, 0xdf, 0x7d, 0x80, 0xe9, 0x76, 0xee, 0x07, 0x26, 0xa5, 0x5d,
  0xb6, 0x8f, 0x8c, 0x6e, 0xb8, 0x89, 0x36, 0xa2, 0x67, 0xb5, 0xf4, 0x74, 0x3a, 0xab, 0x1a, 0x5e,
  0xaa, 0x40, 0x83, 0x12, 0xa8, 0x7a, 0x3f, 0x9d, 0x60, 0x09, 0x96, 0x4e, 0xa7, 0x86, 0x05, 0xfd,
  0x16, 0x2f, 0x2c, 0xce, 0x18, 0x29, 0x56, 0xc2, 0x07, 0xd5, 0x94, 0x14, 0x5a, 0xcb, 0x7a, 0x3e,
  0x0a, 0xe0, 0x23, 0xb2, 0x08, 0xda, 0x9f, 0x3d, 0xc0, 0xa9, 0x36, 0xae, 0x47, 0x66, 0xe5, 0x1d,
  0xf6, 0xcf, 0xcc, 0x2e, 0xf8, 0xc9, 0xf6, 0x62, 0xa7, 0x75, 0x34, 0xb4, 0xfa, 0x6b, 0xda, 0x9e,
  0x6a, 0x80, 0x43, 0xd2, 0x68, 0xba, 0xff, 0x5d, 0xa0, 0xc9, 0x56, 0x0e, 0xe7, 0xc6, 0x45, 0xbd,
  0x56, 0x6f, 0x6c, 0x8e, 0x58, 0x69, 0x16, 0x82, 0x47, 0x95, 0xd4, 0x54, 0x1a, 0x8b, 0x3a, 0x7e,
  0xca, 0x20, 0xe3, 0x72, 0xc8, 0x1a, 0x5f, 0xfd, 0x00, 0x69, 0xf6, 0x6e, 0x87, 0xa6, 0x25, 0xdd,
  0x36, 0x0f, 0x0c, 0xee, 0x38, 0x09, 0xb6, 0x22, 0xe7, 0x35, 0x74, 0xf4, 0xba, 0x2b, 0x9a, 0xde,
  0x2a, 0xc0, 0x03, 0x92, 0x28, 0xfa, 0xbf, 0x1d, 0xe0, 0x89, 0x16, 0xce, 0x27, 0x06, 0x85, 0x7d,
  0x96, 0xaf, 0xac, 0x4e, 0x98, 0xa9, 0xd6, 0x42, 0x87, 0x55, 0x14, 0x94, 0xda, 0x4b, 0xfa, 0xbe,
  0x8a, 0x60, 0xa3, 0x32, 0x88, 0x5a, 0x1f, 0xbd, 0x40, 0x29, 0xb6, 0x2e, 0xc7, 0xe6, 0x65, 0x9d,
  0x76, 0x4f, 0x4c, 0xae, 0x78, 0x49, 0x76, 0xe2, 0x27, 0xf5, 0xb4, 0x34, 0x7a, 0xeb, 0x5a, 0x1e,
  0xea, 0x00, 0xc3, 0x52, 0xe8, 0x3a, 0x7f, 0xdd, 0x20, 0x49, 0xd6, 0x8e, 0x67, 0x46, 0xc5, 0x3d,
  0xd6, 0xef, 0xec, 0x0e, 0xd8, 0xe9, 0x96, 0x02, 0xc7, 0x15, 0x54, 0xd4, 0x9a, 0x0b, 0xba, 0xfe,
  0x4a, 0xa0, 0x63, 0xf2, 0x48, 0x9a, 0xdf, 0x7d, 0x80, 0xe9, 0x76, 0xee, 0x07, 0x26, 0xa5, 0x5d,
  0xb6, 0x8f, 0x8c, 0x6e, 0xb8, 0x89, 0x36, 0xa2, 0x67, 0xb5, 0xf4, 0x74, 0x3a, 0xab, 0x1a, 0x5e,
  0xaa, 0x40, 0x83, 0x12, 0xa8, 0x7a, 0x3f, 0x9d, 0x60, 0x09, 0x96, 0x4e, 0xa7, 0x86, 0x05, 0xfd,
  0x16, 0x2f, 0x2c, 0xce, 0x18, 0x29, 0x56, 0xc2, 0x07, 0xd5, 0x94, 0x14, 0x5a, 0xcb, 0x7a, 0x3e,
  0x0a, 0xe0, 0x23, 0xb2, 0x08, 0xda, 0x9f, 0x3d, 0xc0, 0xa9, 0x36, 0xae, 0x47, 0x66, 0xe5, 0x1d,
  0xf6, 0xcf, 0xcc, 0x2e, 0xf8, 0xc9, 0xf6, 0x62, 0xa7, 0x75, 0x34, 0xb4, 0xfa, 0x6b, 0xda, 0x9e,
  0x6a, 0x80, 0x43, 0xd2, 0x68, 0xba, 0xff, 0x5d, 0xa0, 0xc9, 0x56, 0x0e, 0xe7, 0xc6, 0x45, 0xbd,
  0x56, 0x6f, 0x6c, 0x8e, 0x58, 0x69, 0x16, 0x82, 0x47, 0x95, 0xd4, 0x54, 0x1a, 0x8b, 0x3a, 0x7e,
  0xca, 0x20, 0xe3, 0x72, 0xc8, 0x1a, 0x5f, 0xfd, 0x00, 0x69, 0xf6, 0x6e, 0x87, 0xa6, 0x25, 0xdd,
  0x36, 0x0f, 0x0c, 0xee, 0x38, 0x09, 0xb6, 0x22, 0xe7, 0x35, 0x74, 0xf4, 0xba, 0x2b, 0x9a, 0xde,
  0x2a, 0xc0, 0x03, 0x92, 0x28, 0xfa, 0xbf, 0x1d, 0xe0, 0x89, 0x16, 0xce, 0x27, 0x06, 0x85, 0x7d,
  0x96, 0xaf, 0xac, 0x4e, 0x98, 0xa9, 0xd6, 0x42, 0x87, 0x55, 0x14, 0x94, 0xda, 0x4b, 0xfa, 0xbe,
  0x8a, 0x60, 0xa3, 0x32, 0x88, 0x5a, 0x1f, 0xbd, 0x40, 0x29, 0xb6, 0x2e, 0xc7, 0xe6, 0x65, 0x9d,
  0x76, 0x4f, 0x4c, 0xae, 0x78, 0x49, 0x76, 0xe2, 0x27, 0xf5, 0xb4, 0x34, 0x7a, 0xeb, 0x5a, 0x1e,
  0xea, 0x00, 0xc3, 0x52, 0xe8, 0x3a, 0x7f, 0xdd, 0x20, 0x49, 0xd6, 0x8e, 0x67, 0x46, 0xc5, 0x3d,
  0xd6, 0xef, 0xec, 0x0e, 0xd8, 0xe9, 0x96, 0x02, 0xc7, 0x15, 0x54, 0xd4, 0x9a, 0x0b, 0xba, 0xfe,
  0x4a, 0xa0, 0x63, 0xf2, 0x48, 0x9a, 0xdf, 0x7d, 0x80, 0xe9, 0x76, 0xee, 0x07, 0x26, 0xa5, 0x5d,
  0xb6, 0x8f, 0x8c, 0x6e, 0xb8, 0x89, 0x36, 0xa2, 0x67, 0xb5, 0xf4, 0x74, 0x3a, 0xab, 0x1a, 0x5e,
  0xaa, 0x40, 0x83, 0x12, 0xa8, 0x7a, 0x3f, 0x9d, 0x60, 0x09, 0x96, 0x4e, 0xa7, 0x86, 0x05, 0xfd,
  0x16, 0x2f, 0x2c, 0xce, 0x18, 0x29, 0x56, 0xc2, 0x07, 0xd5, 0x94, 0x14, 0x5a, 0xcb, 0x7a, 0x3e,
};

static const uint8_t IMG_HACKED[4224] = {
  0x46, 0x57, 0x49, 0x4d, 0x01, 0x00, 0x00, 0x00, 0x00, 0x00, 0x02, 0x00, 0x00, 0x10, 0x00, 0x00,
  0x37, 0xb4, 0xf8, 0x32, 0x47, 0xfa, 0x6f, 0x1f, 0x71, 0xfb, 0x38, 0xee, 0xca, 0xc6, 0x2f, 0xa4,
  0xa8, 0xd8, 0xd0, 0xb6, 0x80, 0xd2, 0x83, 0x29, 0x4e, 0xa8, 0x3e, 0x28, 0x9e, 0x28, 0xbc, 0x3e,
  0x76, 0x32, 0x2e, 0x30, 0x00, 0x00, 0x00, 0x00, 0x00, 0x00, 0x00, 0x00, 0x00, 0x00, 0x00, 0x00,
  0xe4, 0xbe, 0x54, 0xb6, 0x57, 0x2d, 0x30, 0xb7, 0x56, 0x73, 0xf4, 0x78, 0x02, 0x38, 0xfd, 0x72,
  0xf6, 0x42, 0xee, 0xd2, 0x6d, 0x2c, 0x17, 0x84, 0x22, 0x61, 0x79, 0xdb, 0x28, 0x06, 0x3b, 0x71,
  0x17, 0x5b, 0xb8, 0xee, 0xc1, 0xf1, 0xda, 0xee, 0x4d, 0x11, 0x7a, 0x9b, 0x6d, 0x32, 0x34, 0xbb,
  0xa9, 0xe2, 0xd9, 0xd8, 0x88, 0x19, 0xee, 0xb2, 0xe6, 0xb4, 0x94, 0x4e, 0x87, 0x38, 0xed, 0x2b,
  0x6e, 0x61, 0x6d, 0x65, 0x3d, 0x48, 0x41, 0x43, 0x4b, 0x45, 0x44, 0x3b, 0x62, 0x6c, 0x69, 0x6e,
  0x6b, 0x3d, 0x35, 0x30, 0x3b, 0x73, 0x65, 0x6c, 0x66, 0x74, 0x65, 0x73, 0x74, 0x3d, 0x6f, 0x6b,
  0x3b, 0x6d, 0x73, 0x67, 0x3d, 0x42, 0x61, 0x63, 0x6b, 0x64, 0x6f, 0x6f, 0x72, 0x00, 0x6e, 0x00,
  0xb6, 0x4c, 0x30, 0xca, 0x15, 0xa1, 0x54, 0xe2, 0x1f, 0x75, 0x45, 0x1e, 0xcf, 0xe6, 0x84, 0x99,
  0xb7, 0x22, 0x3c, 0xdd, 0x5b, 0xb7, 0x29, 0xd7, 0xec, 0x48, 0x01, 0x02, 0x9b, 0x0e, 0xd3, 0xa1,
  0xd6, 0x2c, 0x50, 0xaa, 0x75, 0xc1, 0xf4, 0x42, 0xbf, 0xd5, 0xe5, 0xbe, 0x6f, 0x46, 0x24, 0x39,
  0x57, 0xc2, 0xdc, 0x3d, 0xbb, 0x57, 0xc9, 0x37, 0x0c, 0xa8, 0xe1, 0xa2, 0x3b, 0xae, 0x73, 0x01,
  0x76, 0x8c, 0xf0, 0x0a, 0xd5, 0x61, 0x94, 0x22, 0xdf, 0xb5, 0x85, 0xde, 0x0f, 0x26, 0x44, 0x59,
  0xf7, 0x62, 0x7c, 0x9d, 0x1b, 0xf7, 0x69, 0x97, 0xac, 0x08, 0x41, 0x42, 0xdb, 0x4e, 0x93, 0xe1,
  0x96, 0x6c, 0x10, 0xea, 0x35, 0x81, 0x34, 0x82, 0x7f, 0x15, 0x25, 0x7e, 0xaf, 0x86, 0xe4, 0xf9,
  0x97, 0x02, 0x1c, 0xfd, 0x7b, 0x97, 0x09, 0xf7, 0xcc, 0x68, 0x21, 0xe2, 0x7b, 0xee, 0x33, 0x41,
  0x36, 0xcc, 0xb0, 0x4a, 0x95, 0x21, 0xd4, 0x62, 0x9f, 0xf5, 0xc5, 0x9e, 0x4f, 0x66, 0x04, 0x19,
  0x37, 0xa2, 0xbc, 0x5d, 0xdb, 0x37, 0xa9, 0x57, 0x6c, 0xc8, 0x81, 0x82, 0x1b, 0x8e, 0x53, 0x21,
  0x56, 0xac, 0xd0, 0x2a, 0xf5, 0x41, 0x74, 0xc2, 0x3f, 0x55, 0x65, 0x3e, 0xef, 0xc6, 0xa4, 0xb9,
  0xd7, 0x42, 0x5c, 0xbd, 0x3b, 0xd7, 0x49, 0xb7, 0x8c, 0x28, 0x61, 0x22, 0xbb, 0x2e, 0xf3, 0x81,
  0xf6, 0x0c, 0x70, 0x8a, 0x55, 0xe1, 0x14, 0xa2, 0x5f, 0x35, 0x05, 0x5e, 0x8f, 0xa6, 0xc4, 0xd9,
  0x77, 0xe2, 0xfc, 0x1d, 0x9b, 0x77, 0xe9, 0x17, 0x2c, 0x88, 0xc1, 0xc2, 0x5b, 0xce, 0x13, 0x61,
  0x16, 0xec, 0x90, 0x6a, 0xb5, 0x01, 0xb4, 0x02, 0xff, 0x95, 0xa5, 0xfe, 0x2f, 0x06, 0x64, 0x79,
  0x17, 0x82, 0x9c, 0x7d, 0xfb, 0x17, 0x89, 0x77, 0x4c, 0xe8, 0xa1, 0x62, 0xfb, 0x6e, 0xb3, 0xc1,
  0xb6, 0x4c, 0x30, 0xca, 0x15, 0xa1, 0x54, 0xe2, 0x1f, 0x75, 0x45, 0x1e, 0xcf, 0xe6, 0x84, 0x99,
  0xb7, 0x22, 0x3c, 0xdd, 0x5b, 0xb7, 0x29, 0xd7, 0xec, 0x48, 0x01, 0x02, 0x9b, 0x0e, 0xd3, 0xa1,
  0xd6, 0x2c, 0x50, 0xaa, 0x75, 0xc1, 0xf4, 0x42, 0xbf, 0xd5, 0xe5, 0xbe, 0x6f, 0x46, 0x24, 0x39,
  0x57, 0xc2, 0xdc, 0x3d, 0xbb, 0x57, 0xc9, 0x37, 0x0c, 0xa8, 0xe1, 0xa2, 0x3b, 0xae, 0x73, 0x01,
  0x76, 0x8c, 0xf0, 0x0a, 0xd5, 0x61, 0x94, 0x22, 0xdf, 0xb5, 0x85, 0xde, 0x0f, 0x26, 0x44, 0x59,
  0xf7, 0x62, 0x7c, 0x9d, 0x1b, 0xf7, 0x69, 0x97, 0xac, 0x08, 0x41, 0x42, 0xdb, 0x4e, 0x93, 0xe1,
  0x96, 0x6c, 0x10, 0xea, 0x35, 0x81, 0x34, 0x82, 0x7f, 0x15, 0x25, 0x7e, 0xaf, 0x86, 0xe4, 0xf9,
  0x97, 0x02, 0x1c, 0xfd, 0x7b, 0x97, 0x09, 0xf7, 0xcc, 0x68, 0x21, 0xe2, 0x7b, 0xee, 0x33, 0x41,
  0x36, 0xcc, 0xb0, 0x4a, 0x95, 0x21, 0xd4, 0x62, 0x9f, 0xf5, 0xc5, 0x9e, 0x4f, 0x66, 0x04, 0x19,
  0x37, 0xa2, 0xbc, 0x5d, 0xdb, 0x37, 0xa9, 0x57, 0x6c, 0xc8, 0x81, 0x82, 0x1b, 0x8e, 0x53, 0x21,
  0x56, 0xac, 0xd0, 0x2a, 0xf5, 0x41, 0x74, 0xc2, 0x3f, 0x55, 0x65, 0x3e, 0xef, 0xc6, 0xa4, 0xb9,
  0xd7, 0x42, 0x5c, 0xbd, 0x3b, 0xd7, 0x49, 0xb7, 0x8c, 0x28, 0x61, 0x22, 0xbb, 0x2e, 0xf3, 0x81,
  0xf6, 0x0c, 0x70, 0x8a, 0x55, 0xe1, 0x14, 0xa2, 0x5f, 0x35, 0x05, 0x5e, 0x8f, 0xa6, 0xc4, 0xd9,
  0x77, 0xe2, 0xfc, 0x1d, 0x9b, 0x77, 0xe9, 0x17, 0x2c, 0x88, 0xc1, 0xc2, 0x5b, 0xce, 0x13, 0x61,
  0x16, 0xec, 0x90, 0x6a, 0xb5, 0x01, 0xb4, 0x02, 0xff, 0x95, 0xa5, 0xfe, 0x2f, 0x06, 0x64, 0x79,
  0x17, 0x82, 0x9c, 0x7d, 0xfb, 0x17, 0x89, 0x77, 0x4c, 0xe8, 0xa1, 0x62, 0xfb, 0x6e, 0xb3, 0xc1,
  0xb6, 0x4c, 0x30, 0xca, 0x15, 0xa1, 0x54, 0xe2, 0x1f, 0x75, 0x45, 0x1e, 0xcf, 0xe6, 0x84, 0x99,
  0xb7, 0x22, 0x3c, 0xdd, 0x5b, 0xb7, 0x29, 0xd7, 0xec, 0x48, 0x01, 0x02, 0x9b, 0x0e, 0xd3, 0xa1,
  0xd6, 0x2c, 0x50, 0xaa, 0x75, 0xc1, 0xf4, 0x42, 0xbf, 0xd5, 0xe5, 0xbe, 0x6f, 0x46, 0x24, 0x39,
  0x57, 0xc2, 0xdc, 0x3d, 0xbb, 0x57, 0xc9, 0x37, 0x0c, 0xa8, 0xe1, 0xa2, 0x3b, 0xae, 0x73, 0x01,
  0x76, 0x8c, 0xf0, 0x0a, 0xd5, 0x61, 0x94, 0x22, 0xdf, 0xb5, 0x85, 0xde, 0x0f, 0x26, 0x44, 0x59,
  0xf7, 0x62, 0x7c, 0x9d, 0x1b, 0xf7, 0x69, 0x97, 0xac, 0x08, 0x41, 0x42, 0xdb, 0x4e, 0x93, 0xe1,
  0x96, 0x6c, 0x10, 0xea, 0x35, 0x81, 0x34, 0x82, 0x7f, 0x15, 0x25, 0x7e, 0xaf, 0x86, 0xe4, 0xf9,
  0x97, 0x02, 0x1c, 0xfd, 0x7b, 0x97, 0x09, 0xf7, 0xcc, 0x68, 0x21, 0xe2, 0x7b, 0xee, 0x33, 0x41,
  0x36, 0xcc, 0xb0, 0x4a, 0x95, 0x21, 0xd4, 0x62, 0x9f, 0xf5, 0xc5, 0x9e, 0x4f, 0x66, 0x04, 0x19,
  0x37, 0xa2, 0xbc, 0x5d, 0xdb, 0x37, 0xa9, 0x57, 0x6c, 0xc8, 0x81, 0x82, 0x1b, 0x8e, 0x53, 0x21,
  0x56, 0xac, 0xd0, 0x2a, 0xf5, 0x41, 0x74, 0xc2, 0x3f, 0x55, 0x65, 0x3e, 0xef, 0xc6, 0xa4, 0xb9,
  0xd7, 0x42, 0x5c, 0xbd, 0x3b, 0xd7, 0x49, 0xb7, 0x8c, 0x28, 0x61, 0x22, 0xbb, 0x2e, 0xf3, 0x81,
  0xf6, 0x0c, 0x70, 0x8a, 0x55, 0xe1, 0x14, 0xa2, 0x5f, 0x35, 0x05, 0x5e, 0x8f, 0xa6, 0xc4, 0xd9,
  0x77, 0xe2, 0xfc, 0x1d, 0x9b, 0x77, 0xe9, 0x17, 0x2c, 0x88, 0xc1, 0xc2, 0x5b, 0xce, 0x13, 0x61,
  0x16, 0xec, 0x90, 0x6a, 0xb5, 0x01, 0xb4, 0x02, 0xff, 0x95, 0xa5, 0xfe, 0x2f, 0x06, 0x64, 0x79,
  0x17, 0x82, 0x9c, 0x7d, 0xfb, 0x17, 0x89, 0x77, 0x4c, 0xe8, 0xa1, 0x62, 0xfb, 0x6e, 0xb3, 0xc1,
  0xb6, 0x4c, 0x30, 0xca, 0x15, 0xa1, 0x54, 0xe2, 0x1f, 0x75, 0x45, 0x1e, 0xcf, 0xe6, 0x84, 0x99,
  0xb7, 0x22, 0x3c, 0xdd, 0x5b, 0xb7, 0x29, 0xd7, 0xec, 0x48, 0x01, 0x02, 0x9b, 0x0e, 0xd3, 0xa1,
  0xd6, 0x2c, 0x50, 0xaa, 0x75, 0xc1, 0xf4, 0x42, 0xbf, 0xd5, 0xe5, 0xbe, 0x6f, 0x46, 0x24, 0x39,
  0x57, 0xc2, 0xdc, 0x3d, 0xbb, 0x57, 0xc9, 0x37, 0x0c, 0xa8, 0xe1, 0xa2, 0x3b, 0xae, 0x73, 0x01,
  0x76, 0x8c, 0xf0, 0x0a, 0xd5, 0x61, 0x94, 0x22, 0xdf, 0xb5, 0x85, 0xde, 0x0f, 0x26, 0x44, 0x59,
  0xf7, 0x62, 0x7c, 0x9d, 0x1b, 0xf7, 0x69, 0x97, 0xac, 0x08, 0x41, 0x42, 0xdb, 0x4e, 0x93, 0xe1,
  0x96, 0x6c, 0x10, 0xea, 0x35, 0x81, 0x34, 0x82, 0x7f, 0x15, 0x25, 0x7e, 0xaf, 0x86, 0xe4, 0xf9,
  0x97, 0x02, 0x1c, 0xfd, 0x7b, 0x97, 0x09, 0xf7, 0xcc, 0x68, 0x21, 0xe2, 0x7b, 0xee, 0x33, 0x41,
  0x36, 0xcc, 0xb0, 0x4a, 0x95, 0x21, 0xd4, 0x62, 0x9f, 0xf5, 0xc5, 0x9e, 0x4f, 0x66, 0x04, 0x19,
  0x37, 0xa2, 0xbc, 0x5d, 0xdb, 0x37, 0xa9, 0x57, 0x6c, 0xc8, 0x81, 0x82, 0x1b, 0x8e, 0x53, 0x21,
  0x56, 0xac, 0xd0, 0x2a, 0xf5, 0x41, 0x74, 0xc2, 0x3f, 0x55, 0x65, 0x3e, 0xef, 0xc6, 0xa4, 0xb9,
  0xd7, 0x42, 0x5c, 0xbd, 0x3b, 0xd7, 0x49, 0xb7, 0x8c, 0x28, 0x61, 0x22, 0xbb, 0x2e, 0xf3, 0x81,
  0xf6, 0x0c, 0x70, 0x8a, 0x55, 0xe1, 0x14, 0xa2, 0x5f, 0x35, 0x05, 0x5e, 0x8f, 0xa6, 0xc4, 0xd9,
  0x77, 0xe2, 0xfc, 0x1d, 0x9b, 0x77, 0xe9, 0x17, 0x2c, 0x88, 0xc1, 0xc2, 0x5b, 0xce, 0x13, 0x61,
  0x16, 0xec, 0x90, 0x6a, 0xb5, 0x01, 0xb4, 0x02, 0xff, 0x95, 0xa5, 0xfe, 0x2f, 0x06, 0x64, 0x79,
  0x17, 0x82, 0x9c, 0x7d, 0xfb, 0x17, 0x89, 0x77, 0x4c, 0xe8, 0xa1, 0x62, 0xfb, 0x6e, 0xb3, 0xc1,
  0xb6, 0x4c, 0x30, 0xca, 0x15, 0xa1, 0x54, 0xe2, 0x1f, 0x75, 0x45, 0x1e, 0xcf, 0xe6, 0x84, 0x99,
  0xb7, 0x22, 0x3c, 0xdd, 0x5b, 0xb7, 0x29, 0xd7, 0xec, 0x48, 0x01, 0x02, 0x9b, 0x0e, 0xd3, 0xa1,
  0xd6, 0x2c, 0x50, 0xaa, 0x75, 0xc1, 0xf4, 0x42, 0xbf, 0xd5, 0xe5, 0xbe, 0x6f, 0x46, 0x24, 0x39,
  0x57, 0xc2, 0xdc, 0x3d, 0xbb, 0x57, 0xc9, 0x37, 0x0c, 0xa8, 0xe1, 0xa2, 0x3b, 0xae, 0x73, 0x01,
  0x76, 0x8c, 0xf0, 0x0a, 0xd5, 0x61, 0x94, 0x22, 0xdf, 0xb5, 0x85, 0xde, 0x0f, 0x26, 0x44, 0x59,
  0xf7, 0x62, 0x7c, 0x9d, 0x1b, 0xf7, 0x69, 0x97, 0xac, 0x08, 0x41, 0x42, 0xdb, 0x4e, 0x93, 0xe1,
  0x96, 0x6c, 0x10, 0xea, 0x35, 0x81, 0x34, 0x82, 0x7f, 0x15, 0x25, 0x7e, 0xaf, 0x86, 0xe4, 0xf9,
  0x97, 0x02, 0x1c, 0xfd, 0x7b, 0x97, 0x09, 0xf7, 0xcc, 0x68, 0x21, 0xe2, 0x7b, 0xee, 0x33, 0x41,
  0x36, 0xcc, 0xb0, 0x4a, 0x95, 0x21, 0xd4, 0x62, 0x9f, 0xf5, 0xc5, 0x9e, 0x4f, 0x66, 0x04, 0x19,
  0x37, 0xa2, 0xbc, 0x5d, 0xdb, 0x37, 0xa9, 0x57, 0x6c, 0xc8, 0x81, 0x82, 0x1b, 0x8e, 0x53, 0x21,
  0x56, 0xac, 0xd0, 0x2a, 0xf5, 0x41, 0x74, 0xc2, 0x3f, 0x55, 0x65, 0x3e, 0xef, 0xc6, 0xa4, 0xb9,
  0xd7, 0x42, 0x5c, 0xbd, 0x3b, 0xd7, 0x49, 0xb7, 0x8c, 0x28, 0x61, 0x22, 0xbb, 0x2e, 0xf3, 0x81,
  0xf6, 0x0c, 0x70, 0x8a, 0x55, 0xe1, 0x14, 0xa2, 0x5f, 0x35, 0x05, 0x5e, 0x8f, 0xa6, 0xc4, 0xd9,
  0x77, 0xe2, 0xfc, 0x1d, 0x9b, 0x77, 0xe9, 0x17, 0x2c, 0x88, 0xc1, 0xc2, 0x5b, 0xce, 0x13, 0x61,
  0x16, 0xec, 0x90, 0x6a, 0xb5, 0x01, 0xb4, 0x02, 0xff, 0x95, 0xa5, 0xfe, 0x2f, 0x06, 0x64, 0x79,
  0x17, 0x82, 0x9c, 0x7d, 0xfb, 0x17, 0x89, 0x77, 0x4c, 0xe8, 0xa1, 0x62, 0xfb, 0x6e, 0xb3, 0xc1,
  0xb6, 0x4c, 0x30, 0xca, 0x15, 0xa1, 0x54, 0xe2, 0x1f, 0x75, 0x45, 0x1e, 0xcf, 0xe6, 0x84, 0x99,
  0xb7, 0x22, 0x3c, 0xdd, 0x5b, 0xb7, 0x29, 0xd7, 0xec, 0x48, 0x01, 0x02, 0x9b, 0x0e, 0xd3, 0xa1,
  0xd6, 0x2c, 0x50, 0xaa, 0x75, 0xc1, 0xf4, 0x42, 0xbf, 0xd5, 0xe5, 0xbe, 0x6f, 0x46, 0x24, 0x39,
  0x57, 0xc2, 0xdc, 0x3d, 0xbb, 0x57, 0xc9, 0x37, 0x0c, 0xa8, 0xe1, 0xa2, 0x3b, 0xae, 0x73, 0x01,
  0x76, 0x8c, 0xf0, 0x0a, 0xd5, 0x61, 0x94, 0x22, 0xdf, 0xb5, 0x85, 0xde, 0x0f, 0x26, 0x44, 0x59,
  0xf7, 0x62, 0x7c, 0x9d, 0x1b, 0xf7, 0x69, 0x97, 0xac, 0x08, 0x41, 0x42, 0xdb, 0x4e, 0x93, 0xe1,
  0x96, 0x6c, 0x10, 0xea, 0x35, 0x81, 0x34, 0x82, 0x7f, 0x15, 0x25, 0x7e, 0xaf, 0x86, 0xe4, 0xf9,
  0x97, 0x02, 0x1c, 0xfd, 0x7b, 0x97, 0x09, 0xf7, 0xcc, 0x68, 0x21, 0xe2, 0x7b, 0xee, 0x33, 0x41,
  0x36, 0xcc, 0xb0, 0x4a, 0x95, 0x21, 0xd4, 0x62, 0x9f, 0xf5, 0xc5, 0x9e, 0x4f, 0x66, 0x04, 0x19,
  0x37, 0xa2, 0xbc, 0x5d, 0xdb, 0x37, 0xa9, 0x57, 0x6c, 0xc8, 0x81, 0x82, 0x1b, 0x8e, 0x53, 0x21,
  0x56, 0xac, 0xd0, 0x2a, 0xf5, 0x41, 0x74, 0xc2, 0x3f, 0x55, 0x65, 0x3e, 0xef, 0xc6, 0xa4, 0xb9,
  0xd7, 0x42, 0x5c, 0xbd, 0x3b, 0xd7, 0x49, 0xb7, 0x8c, 0x28, 0x61, 0x22, 0xbb, 0x2e, 0xf3, 0x81,
  0xf6, 0x0c, 0x70, 0x8a, 0x55, 0xe1, 0x14, 0xa2, 0x5f, 0x35, 0x05, 0x5e, 0x8f, 0xa6, 0xc4, 0xd9,
  0x77, 0xe2, 0xfc, 0x1d, 0x9b, 0x77, 0xe9, 0x17, 0x2c, 0x88, 0xc1, 0xc2, 0x5b, 0xce, 0x13, 0x61,
  0x16, 0xec, 0x90, 0x6a, 0xb5, 0x01, 0xb4, 0x02, 0xff, 0x95, 0xa5, 0xfe, 0x2f, 0x06, 0x64, 0x79,
  0x17, 0x82, 0x9c, 0x7d, 0xfb, 0x17, 0x89, 0x77, 0x4c, 0xe8, 0xa1, 0x62, 0xfb, 0x6e, 0xb3, 0xc1,
  0xb6, 0x4c, 0x30, 0xca, 0x15, 0xa1, 0x54, 0xe2, 0x1f, 0x75, 0x45, 0x1e, 0xcf, 0xe6, 0x84, 0x99,
  0xb7, 0x22, 0x3c, 0xdd, 0x5b, 0xb7, 0x29, 0xd7, 0xec, 0x48, 0x01, 0x02, 0x9b, 0x0e, 0xd3, 0xa1,
  0xd6, 0x2c, 0x50, 0xaa, 0x75, 0xc1, 0xf4, 0x42, 0xbf, 0xd5, 0xe5, 0xbe, 0x6f, 0x46, 0x24, 0x39,
  0x57, 0xc2, 0xdc, 0x3d, 0xbb, 0x57, 0xc9, 0x37, 0x0c, 0xa8, 0xe1, 0xa2, 0x3b, 0xae, 0x73, 0x01,
  0x76, 0x8c, 0xf0, 0x0a, 0xd5, 0x61, 0x94, 0x22, 0xdf, 0xb5, 0x85, 0xde, 0x0f, 0x26, 0x44, 0x59,
  0xf7, 0x62, 0x7c, 0x9d, 0x1b, 0xf7, 0x69, 0x97, 0xac, 0x08, 0x41, 0x42, 0xdb, 0x4e, 0x93, 0xe1,
  0x96, 0x6c, 0x10, 0xea, 0x35, 0x81, 0x34, 0x82, 0x7f, 0x15, 0x25, 0x7e, 0xaf, 0x86, 0xe4, 0xf9,
  0x97, 0x02, 0x1c, 0xfd, 0x7b, 0x97, 0x09, 0xf7, 0xcc, 0x68, 0x21, 0xe2, 0x7b, 0xee, 0x33, 0x41,
  0x36, 0xcc, 0xb0, 0x4a, 0x95, 0x21, 0xd4, 0x62, 0x9f, 0xf5, 0xc5, 0x9e, 0x4f, 0x66, 0x04, 0x19,
  0x37, 0xa2, 0xbc, 0x5d, 0xdb, 0x37, 0xa9, 0x57, 0x6c, 0xc8, 0x81, 0x82, 0x1b, 0x8e, 0x53, 0x21,
  0x56, 0xac, 0xd0, 0x2a, 0xf5, 0x41, 0x74, 0xc2, 0x3f, 0x55, 0x65, 0x3e, 0xef, 0xc6, 0xa4, 0xb9,
  0xd7, 0x42, 0x5c, 0xbd, 0x3b, 0xd7, 0x49, 0xb7, 0x8c, 0x28, 0x61, 0x22, 0xbb, 0x2e, 0xf3, 0x81,
  0xf6, 0x0c, 0x70, 0x8a, 0x55, 0xe1, 0x14, 0xa2, 0x5f, 0x35, 0x05, 0x5e, 0x8f, 0xa6, 0xc4, 0xd9,
  0x77, 0xe2, 0xfc, 0x1d, 0x9b, 0x77, 0xe9, 0x17, 0x2c, 0x88, 0xc1, 0xc2, 0x5b, 0xce, 0x13, 0x61,
  0x16, 0xec, 0x90, 0x6a, 0xb5, 0x01, 0xb4, 0x02, 0xff, 0x95, 0xa5, 0xfe, 0x2f, 0x06, 0x64, 0x79,
  0x17, 0x82, 0x9c, 0x7d, 0xfb, 0x17, 0x89, 0x77, 0x4c, 0xe8, 0xa1, 0x62, 0xfb, 0x6e, 0xb3, 0xc1,
  0xb6, 0x4c, 0x30, 0xca, 0x15, 0xa1, 0x54, 0xe2, 0x1f, 0x75, 0x45, 0x1e, 0xcf, 0xe6, 0x84, 0x99,
  0xb7, 0x22, 0x3c, 0xdd, 0x5b, 0xb7, 0x29, 0xd7, 0xec, 0x48, 0x01, 0x02, 0x9b, 0x0e, 0xd3, 0xa1,
  0xd6, 0x2c, 0x50, 0xaa, 0x75, 0xc1, 0xf4, 0x42, 0xbf, 0xd5, 0xe5, 0xbe, 0x6f, 0x46, 0x24, 0x39,
  0x57, 0xc2, 0xdc, 0x3d, 0xbb, 0x57, 0xc9, 0x37, 0x0c, 0xa8, 0xe1, 0xa2, 0x3b, 0xae, 0x73, 0x01,
  0x76, 0x8c, 0xf0, 0x0a, 0xd5, 0x61, 0x94, 0x22, 0xdf, 0xb5, 0x85, 0xde, 0x0f, 0x26, 0x44, 0x59,
  0xf7, 0x62, 0x7c, 0x9d, 0x1b, 0xf7, 0x69, 0x97, 0xac, 0x08, 0x41, 0x42, 0xdb, 0x4e, 0x93, 0xe1,
  0x96, 0x6c, 0x10, 0xea, 0x35, 0x81, 0x34, 0x82, 0x7f, 0x15, 0x25, 0x7e, 0xaf, 0x86, 0xe4, 0xf9,
  0x97, 0x02, 0x1c, 0xfd, 0x7b, 0x97, 0x09, 0xf7, 0xcc, 0x68, 0x21, 0xe2, 0x7b, 0xee, 0x33, 0x41,
  0x36, 0xcc, 0xb0, 0x4a, 0x95, 0x21, 0xd4, 0x62, 0x9f, 0xf5, 0xc5, 0x9e, 0x4f, 0x66, 0x04, 0x19,
  0x37, 0xa2, 0xbc, 0x5d, 0xdb, 0x37, 0xa9, 0x57, 0x6c, 0xc8, 0x81, 0x82, 0x1b, 0x8e, 0x53, 0x21,
  0x56, 0xac, 0xd0, 0x2a, 0xf5, 0x41, 0x74, 0xc2, 0x3f, 0x55, 0x65, 0x3e, 0xef, 0xc6, 0xa4, 0xb9,
  0xd7, 0x42, 0x5c, 0xbd, 0x3b, 0xd7, 0x49, 0xb7, 0x8c, 0x28, 0x61, 0x22, 0xbb, 0x2e, 0xf3, 0x81,
  0xf6, 0x0c, 0x70, 0x8a, 0x55, 0xe1, 0x14, 0xa2, 0x5f, 0x35, 0x05, 0x5e, 0x8f, 0xa6, 0xc4, 0xd9,
  0x77, 0xe2, 0xfc, 0x1d, 0x9b, 0x77, 0xe9, 0x17, 0x2c, 0x88, 0xc1, 0xc2, 0x5b, 0xce, 0x13, 0x61,
  0x16, 0xec, 0x90, 0x6a, 0xb5, 0x01, 0xb4, 0x02, 0xff, 0x95, 0xa5, 0xfe, 0x2f, 0x06, 0x64, 0x79,
  0x17, 0x82, 0x9c, 0x7d, 0xfb, 0x17, 0x89, 0x77, 0x4c, 0xe8, 0xa1, 0x62, 0xfb, 0x6e, 0xb3, 0xc1,
  0xb6, 0x4c, 0x30, 0xca, 0x15, 0xa1, 0x54, 0xe2, 0x1f, 0x75, 0x45, 0x1e, 0xcf, 0xe6, 0x84, 0x99,
  0xb7, 0x22, 0x3c, 0xdd, 0x5b, 0xb7, 0x29, 0xd7, 0xec, 0x48, 0x01, 0x02, 0x9b, 0x0e, 0xd3, 0xa1,
  0xd6, 0x2c, 0x50, 0xaa, 0x75, 0xc1, 0xf4, 0x42, 0xbf, 0xd5, 0xe5, 0xbe, 0x6f, 0x46, 0x24, 0x39,
  0x57, 0xc2, 0xdc, 0x3d, 0xbb, 0x57, 0xc9, 0x37, 0x0c, 0xa8, 0xe1, 0xa2, 0x3b, 0xae, 0x73, 0x01,
  0x76, 0x8c, 0xf0, 0x0a, 0xd5, 0x61, 0x94, 0x22, 0xdf, 0xb5, 0x85, 0xde, 0x0f, 0x26, 0x44, 0x59,
  0xf7, 0x62, 0x7c, 0x9d, 0x1b, 0xf7, 0x69, 0x97, 0xac, 0x08, 0x41, 0x42, 0xdb, 0x4e, 0x93, 0xe1,
  0x96, 0x6c, 0x10, 0xea, 0x35, 0x81, 0x34, 0x82, 0x7f, 0x15, 0x25, 0x7e, 0xaf, 0x86, 0xe4, 0xf9,
  0x97, 0x02, 0x1c, 0xfd, 0x7b, 0x97, 0x09, 0xf7, 0xcc, 0x68, 0x21, 0xe2, 0x7b, 0xee, 0x33, 0x41,
  0x36, 0xcc, 0xb0, 0x4a, 0x95, 0x21, 0xd4, 0x62, 0x9f, 0xf5, 0xc5, 0x9e, 0x4f, 0x66, 0x04, 0x19,
  0x37, 0xa2, 0xbc, 0x5d, 0xdb, 0x37, 0xa9, 0x57, 0x6c, 0xc8, 0x81, 0x82, 0x1b, 0x8e, 0x53, 0x21,
  0x56, 0xac, 0xd0, 0x2a, 0xf5, 0x41, 0x74, 0xc2, 0x3f, 0x55, 0x65, 0x3e, 0xef, 0xc6, 0xa4, 0xb9,
  0xd7, 0x42, 0x5c, 0xbd, 0x3b, 0xd7, 0x49, 0xb7, 0x8c, 0x28, 0x61, 0x22, 0xbb, 0x2e, 0xf3, 0x81,
  0xf6, 0x0c, 0x70, 0x8a, 0x55, 0xe1, 0x14, 0xa2, 0x5f, 0x35, 0x05, 0x5e, 0x8f, 0xa6, 0xc4, 0xd9,
  0x77, 0xe2, 0xfc, 0x1d, 0x9b, 0x77, 0xe9, 0x17, 0x2c, 0x88, 0xc1, 0xc2, 0x5b, 0xce, 0x13, 0x61,
  0x16, 0xec, 0x90, 0x6a, 0xb5, 0x01, 0xb4, 0x02, 0xff, 0x95, 0xa5, 0xfe, 0x2f, 0x06, 0x64, 0x79,
  0x17, 0x82, 0x9c, 0x7d, 0xfb, 0x17, 0x89, 0x77, 0x4c, 0xe8, 0xa1, 0x62, 0xfb, 0x6e, 0xb3, 0xc1,
  0xb6, 0x4c, 0x30, 0xca, 0x15, 0xa1, 0x54, 0xe2, 0x1f, 0x75, 0x45, 0x1e, 0xcf, 0xe6, 0x84, 0x99,
  0xb7, 0x22, 0x3c, 0xdd, 0x5b, 0xb7, 0x29, 0xd7, 0xec, 0x48, 0x01, 0x02, 0x9b, 0x0e, 0xd3, 0xa1,
  0xd6, 0x2c, 0x50, 0xaa, 0x75, 0xc1, 0xf4, 0x42, 0xbf, 0xd5, 0xe5, 0xbe, 0x6f, 0x46, 0x24, 0x39,
  0x57, 0xc2, 0xdc, 0x3d, 0xbb, 0x57, 0xc9, 0x37, 0x0c, 0xa8, 0xe1, 0xa2, 0x3b, 0xae, 0x73, 0x01,
  0x76, 0x8c, 0xf0, 0x0a, 0xd5, 0x61, 0x94, 0x22, 0xdf, 0xb5, 0x85, 0xde, 0x0f, 0x26, 0x44, 0x59,
  0xf7, 0x62, 0x7c, 0x9d, 0x1b, 0xf7, 0x69, 0x97, 0xac, 0x08, 0x41, 0x42, 0xdb, 0x4e, 0x93, 0xe1,
  0x96, 0x6c, 0x10, 0xea, 0x35, 0x81, 0x34, 0x82, 0x7f, 0x15, 0x25, 0x7e, 0xaf, 0x86, 0xe4, 0xf9,
  0x97, 0x02, 0x1c, 0xfd, 0x7b, 0x97, 0x09, 0xf7, 0xcc, 0x68, 0x21, 0xe2, 0x7b, 0xee, 0x33, 0x41,
  0x36, 0xcc, 0xb0, 0x4a, 0x95, 0x21, 0xd4, 0x62, 0x9f, 0xf5, 0xc5, 0x9e, 0x4f, 0x66, 0x04, 0x19,
  0x37, 0xa2, 0xbc, 0x5d, 0xdb, 0x37, 0xa9, 0x57, 0x6c, 0xc8, 0x81, 0x82, 0x1b, 0x8e, 0x53, 0x21,
  0x56, 0xac, 0xd0, 0x2a, 0xf5, 0x41, 0x74, 0xc2, 0x3f, 0x55, 0x65, 0x3e, 0xef, 0xc6, 0xa4, 0xb9,
  0xd7, 0x42, 0x5c, 0xbd, 0x3b, 0xd7, 0x49, 0xb7, 0x8c, 0x28, 0x61, 0x22, 0xbb, 0x2e, 0xf3, 0x81,
  0xf6, 0x0c, 0x70, 0x8a, 0x55, 0xe1, 0x14, 0xa2, 0x5f, 0x35, 0x05, 0x5e, 0x8f, 0xa6, 0xc4, 0xd9,
  0x77, 0xe2, 0xfc, 0x1d, 0x9b, 0x77, 0xe9, 0x17, 0x2c, 0x88, 0xc1, 0xc2, 0x5b, 0xce, 0x13, 0x61,
  0x16, 0xec, 0x90, 0x6a, 0xb5, 0x01, 0xb4, 0x02, 0xff, 0x95, 0xa5, 0xfe, 0x2f, 0x06, 0x64, 0x79,
  0x17, 0x82, 0x9c, 0x7d, 0xfb, 0x17, 0x89, 0x77, 0x4c, 0xe8, 0xa1, 0x62, 0xfb, 0x6e, 0xb3, 0xc1,
  0xb6, 0x4c, 0x30, 0xca, 0x15, 0xa1, 0x54, 0xe2, 0x1f, 0x75, 0x45, 0x1e, 0xcf, 0xe6, 0x84, 0x99,
  0xb7, 0x22, 0x3c, 0xdd, 0x5b, 0xb7, 0x29, 0xd7, 0xec, 0x48, 0x01, 0x02, 0x9b, 0x0e, 0xd3, 0xa1,
  0xd6, 0x2c, 0x50, 0xaa, 0x75, 0xc1, 0xf4, 0x42, 0xbf, 0xd5, 0xe5, 0xbe, 0x6f, 0x46, 0x24, 0x39,
  0x57, 0xc2, 0xdc, 0x3d, 0xbb, 0x57, 0xc9, 0x37, 0x0c, 0xa8, 0xe1, 0xa2, 0x3b, 0xae, 0x73, 0x01,
  0x76, 0x8c, 0xf0, 0x0a, 0xd5, 0x61, 0x94, 0x22, 0xdf, 0xb5, 0x85, 0xde, 0x0f, 0x26, 0x44, 0x59,
  0xf7, 0x62, 0x7c, 0x9d, 0x1b, 0xf7, 0x69, 0x97, 0xac, 0x08, 0x41, 0x42, 0xdb, 0x4e, 0x93, 0xe1,
  0x96, 0x6c, 0x10, 0xea, 0x35, 0x81, 0x34, 0x82, 0x7f, 0x15, 0x25, 0x7e, 0xaf, 0x86, 0xe4, 0xf9,
  0x97, 0x02, 0x1c, 0xfd, 0x7b, 0x97, 0x09, 0xf7, 0xcc, 0x68, 0x21, 0xe2, 0x7b, 0xee, 0x33, 0x41,
  0x36, 0xcc, 0xb0, 0x4a, 0x95, 0x21, 0xd4, 0x62, 0x9f, 0xf5, 0xc5, 0x9e, 0x4f, 0x66, 0x04, 0x19,
  0x37, 0xa2, 0xbc, 0x5d, 0xdb, 0x37, 0xa9, 0x57, 0x6c, 0xc8, 0x81, 0x82, 0x1b, 0x8e, 0x53, 0x21,
  0x56, 0xac, 0xd0, 0x2a, 0xf5, 0x41, 0x74, 0xc2, 0x3f, 0x55, 0x65, 0x3e, 0xef, 0xc6, 0xa4, 0xb9,
  0xd7, 0x42, 0x5c, 0xbd, 0x3b, 0xd7, 0x49, 0xb7, 0x8c, 0x28, 0x61, 0x22, 0xbb, 0x2e, 0xf3, 0x81,
  0xf6, 0x0c, 0x70, 0x8a, 0x55, 0xe1, 0x14, 0xa2, 0x5f, 0x35, 0x05, 0x5e, 0x8f, 0xa6, 0xc4, 0xd9,
  0x77, 0xe2, 0xfc, 0x1d, 0x9b, 0x77, 0xe9, 0x17, 0x2c, 0x88, 0xc1, 0xc2, 0x5b, 0xce, 0x13, 0x61,
  0x16, 0xec, 0x90, 0x6a, 0xb5, 0x01, 0xb4, 0x02, 0xff, 0x95, 0xa5, 0xfe, 0x2f, 0x06, 0x64, 0x79,
  0x17, 0x82, 0x9c, 0x7d, 0xfb, 0x17, 0x89, 0x77, 0x4c, 0xe8, 0xa1, 0x62, 0xfb, 0x6e, 0xb3, 0xc1,
  0xb6, 0x4c, 0x30, 0xca, 0x15, 0xa1, 0x54, 0xe2, 0x1f, 0x75, 0x45, 0x1e, 0xcf, 0xe6, 0x84, 0x99,
  0xb7, 0x22, 0x3c, 0xdd, 0x5b, 0xb7, 0x29, 0xd7, 0xec, 0x48, 0x01, 0x02, 0x9b, 0x0e, 0xd3, 0xa1,
  0xd6, 0x2c, 0x50, 0xaa, 0x75, 0xc1, 0xf4, 0x42, 0xbf, 0xd5, 0xe5, 0xbe, 0x6f, 0x46, 0x24, 0x39,
  0x57, 0xc2, 0xdc, 0x3d, 0xbb, 0x57, 0xc9, 0x37, 0x0c, 0xa8, 0xe1, 0xa2, 0x3b, 0xae, 0x73, 0x01,
  0x76, 0x8c, 0xf0, 0x0a, 0xd5, 0x61, 0x94, 0x22, 0xdf, 0xb5, 0x85, 0xde, 0x0f, 0x26, 0x44, 0x59,
  0xf7, 0x62, 0x7c, 0x9d, 0x1b, 0xf7, 0x69, 0x97, 0xac, 0x08, 0x41, 0x42, 0xdb, 0x4e, 0x93, 0xe1,
  0x96, 0x6c, 0x10, 0xea, 0x35, 0x81, 0x34, 0x82, 0x7f, 0x15, 0x25, 0x7e, 0xaf, 0x86, 0xe4, 0xf9,
  0x97, 0x02, 0x1c, 0xfd, 0x7b, 0x97, 0x09, 0xf7, 0xcc, 0x68, 0x21, 0xe2, 0x7b, 0xee, 0x33, 0x41,
  0x36, 0xcc, 0xb0, 0x4a, 0x95, 0x21, 0xd4, 0x62, 0x9f, 0xf5, 0xc5, 0x9e, 0x4f, 0x66, 0x04, 0x19,
  0x37, 0xa2, 0xbc, 0x5d, 0xdb, 0x37, 0xa9, 0x57, 0x6c, 0xc8, 0x81, 0x82, 0x1b, 0x8e, 0x53, 0x21,
  0x56, 0xac, 0xd0, 0x2a, 0xf5, 0x41, 0x74, 0xc2, 0x3f, 0x55, 0x65, 0x3e, 0xef, 0xc6, 0xa4, 0xb9,
  0xd7, 0x42, 0x5c, 0xbd, 0x3b, 0xd7, 0x49, 0xb7, 0x8c, 0x28, 0x61, 0x22, 0xbb, 0x2e, 0xf3, 0x81,
  0xf6, 0x0c, 0x70, 0x8a, 0x55, 0xe1, 0x14, 0xa2, 0x5f, 0x35, 0x05, 0x5e, 0x8f, 0xa6, 0xc4, 0xd9,
  0x77, 0xe2, 0xfc, 0x1d, 0x9b, 0x77, 0xe9, 0x17, 0x2c, 0x88, 0xc1, 0xc2, 0x5b, 0xce, 0x13, 0x61,
  0x16, 0xec, 0x90, 0x6a, 0xb5, 0x01, 0xb4, 0x02, 0xff, 0x95, 0xa5, 0xfe, 0x2f, 0x06, 0x64, 0x79,
  0x17, 0x82, 0x9c, 0x7d, 0xfb, 0x17, 0x89, 0x77, 0x4c, 0xe8, 0xa1, 0x62, 0xfb, 0x6e, 0xb3, 0xc1,
  0xb6, 0x4c, 0x30, 0xca, 0x15, 0xa1, 0x54, 0xe2, 0x1f, 0x75, 0x45, 0x1e, 0xcf, 0xe6, 0x84, 0x99,
  0xb7, 0x22, 0x3c, 0xdd, 0x5b, 0xb7, 0x29, 0xd7, 0xec, 0x48, 0x01, 0x02, 0x9b, 0x0e, 0xd3, 0xa1,
  0xd6, 0x2c, 0x50, 0xaa, 0x75, 0xc1, 0xf4, 0x42, 0xbf, 0xd5, 0xe5, 0xbe, 0x6f, 0x46, 0x24, 0x39,
  0x57, 0xc2, 0xdc, 0x3d, 0xbb, 0x57, 0xc9, 0x37, 0x0c, 0xa8, 0xe1, 0xa2, 0x3b, 0xae, 0x73, 0x01,
  0x76, 0x8c, 0xf0, 0x0a, 0xd5, 0x61, 0x94, 0x22, 0xdf, 0xb5, 0x85, 0xde, 0x0f, 0x26, 0x44, 0x59,
  0xf7, 0x62, 0x7c, 0x9d, 0x1b, 0xf7, 0x69, 0x97, 0xac, 0x08, 0x41, 0x42, 0xdb, 0x4e, 0x93, 0xe1,
  0x96, 0x6c, 0x10, 0xea, 0x35, 0x81, 0x34, 0x82, 0x7f, 0x15, 0x25, 0x7e, 0xaf, 0x86, 0xe4, 0xf9,
  0x97, 0x02, 0x1c, 0xfd, 0x7b, 0x97, 0x09, 0xf7, 0xcc, 0x68, 0x21, 0xe2, 0x7b, 0xee, 0x33, 0x41,
  0x36, 0xcc, 0xb0, 0x4a, 0x95, 0x21, 0xd4, 0x62, 0x9f, 0xf5, 0xc5, 0x9e, 0x4f, 0x66, 0x04, 0x19,
  0x37, 0xa2, 0xbc, 0x5d, 0xdb, 0x37, 0xa9, 0x57, 0x6c, 0xc8, 0x81, 0x82, 0x1b, 0x8e, 0x53, 0x21,
  0x56, 0xac, 0xd0, 0x2a, 0xf5, 0x41, 0x74, 0xc2, 0x3f, 0x55, 0x65, 0x3e, 0xef, 0xc6, 0xa4, 0xb9,
  0xd7, 0x42, 0x5c, 0xbd, 0x3b, 0xd7, 0x49, 0xb7, 0x8c, 0x28, 0x61, 0x22, 0xbb, 0x2e, 0xf3, 0x81,
  0xf6, 0x0c, 0x70, 0x8a, 0x55, 0xe1, 0x14, 0xa2, 0x5f, 0x35, 0x05, 0x5e, 0x8f, 0xa6, 0xc4, 0xd9,
  0x77, 0xe2, 0xfc, 0x1d, 0x9b, 0x77, 0xe9, 0x17, 0x2c, 0x88, 0xc1, 0xc2, 0x5b, 0xce, 0x13, 0x61,
  0x16, 0xec, 0x90, 0x6a, 0xb5, 0x01, 0xb4, 0x02, 0xff, 0x95, 0xa5, 0xfe, 0x2f, 0x06, 0x64, 0x79,
  0x17, 0x82, 0x9c, 0x7d, 0xfb, 0x17, 0x89, 0x77, 0x4c, 0xe8, 0xa1, 0x62, 0xfb, 0x6e, 0xb3, 0xc1,
  0xb6, 0x4c, 0x30, 0xca, 0x15, 0xa1, 0x54, 0xe2, 0x1f, 0x75, 0x45, 0x1e, 0xcf, 0xe6, 0x84, 0x99,
  0xb7, 0x22, 0x3c, 0xdd, 0x5b, 0xb7, 0x29, 0xd7, 0xec, 0x48, 0x01, 0x02, 0x9b, 0x0e, 0xd3, 0xa1,
  0xd6, 0x2c, 0x50, 0xaa, 0x75, 0xc1, 0xf4, 0x42, 0xbf, 0xd5, 0xe5, 0xbe, 0x6f, 0x46, 0x24, 0x39,
  0x57, 0xc2, 0xdc, 0x3d, 0xbb, 0x57, 0xc9, 0x37, 0x0c, 0xa8, 0xe1, 0xa2, 0x3b, 0xae, 0x73, 0x01,
  0x76, 0x8c, 0xf0, 0x0a, 0xd5, 0x61, 0x94, 0x22, 0xdf, 0xb5, 0x85, 0xde, 0x0f, 0x26, 0x44, 0x59,
  0xf7, 0x62, 0x7c, 0x9d, 0x1b, 0xf7, 0x69, 0x97, 0xac, 0x08, 0x41, 0x42, 0xdb, 0x4e, 0x93, 0xe1,
  0x96, 0x6c, 0x10, 0xea, 0x35, 0x81, 0x34, 0x82, 0x7f, 0x15, 0x25, 0x7e, 0xaf, 0x86, 0xe4, 0xf9,
  0x97, 0x02, 0x1c, 0xfd, 0x7b, 0x97, 0x09, 0xf7, 0xcc, 0x68, 0x21, 0xe2, 0x7b, 0xee, 0x33, 0x41,
  0x36, 0xcc, 0xb0, 0x4a, 0x95, 0x21, 0xd4, 0x62, 0x9f, 0xf5, 0xc5, 0x9e, 0x4f, 0x66, 0x04, 0x19,
  0x37, 0xa2, 0xbc, 0x5d, 0xdb, 0x37, 0xa9, 0x57, 0x6c, 0xc8, 0x81, 0x82, 0x1b, 0x8e, 0x53, 0x21,
  0x56, 0xac, 0xd0, 0x2a, 0xf5, 0x41, 0x74, 0xc2, 0x3f, 0x55, 0x65, 0x3e, 0xef, 0xc6, 0xa4, 0xb9,
  0xd7, 0x42, 0x5c, 0xbd, 0x3b, 0xd7, 0x49, 0xb7, 0x8c, 0x28, 0x61, 0x22, 0xbb, 0x2e, 0xf3, 0x81,
  0xf6, 0x0c, 0x70, 0x8a, 0x55, 0xe1, 0x14, 0xa2, 0x5f, 0x35, 0x05, 0x5e, 0x8f, 0xa6, 0xc4, 0xd9,
  0x77, 0xe2, 0xfc, 0x1d, 0x9b, 0x77, 0xe9, 0x17, 0x2c, 0x88, 0xc1, 0xc2, 0x5b, 0xce, 0x13, 0x61,
  0x16, 0xec, 0x90, 0x6a, 0xb5, 0x01, 0xb4, 0x02, 0xff, 0x95, 0xa5, 0xfe, 0x2f, 0x06, 0x64, 0x79,
  0x17, 0x82, 0x9c, 0x7d, 0xfb, 0x17, 0x89, 0x77, 0x4c, 0xe8, 0xa1, 0x62, 0xfb, 0x6e, 0xb3, 0xc1,
  0xb6, 0x4c, 0x30, 0xca, 0x15, 0xa1, 0x54, 0xe2, 0x1f, 0x75, 0x45, 0x1e, 0xcf, 0xe6, 0x84, 0x99,
  0xb7, 0x22, 0x3c, 0xdd, 0x5b, 0xb7, 0x29, 0xd7, 0xec, 0x48, 0x01, 0x02, 0x9b, 0x0e, 0xd3, 0xa1,
  0xd6, 0x2c, 0x50, 0xaa, 0x75, 0xc1, 0xf4, 0x42, 0xbf, 0xd5, 0xe5, 0xbe, 0x6f, 0x46, 0x24, 0x39,
  0x57, 0xc2, 0xdc, 0x3d, 0xbb, 0x57, 0xc9, 0x37, 0x0c, 0xa8, 0xe1, 0xa2, 0x3b, 0xae, 0x73, 0x01,
  0x76, 0x8c, 0xf0, 0x0a, 0xd5, 0x61, 0x94, 0x22, 0xdf, 0xb5, 0x85, 0xde, 0x0f, 0x26, 0x44, 0x59,
  0xf7, 0x62, 0x7c, 0x9d, 0x1b, 0xf7, 0x69, 0x97, 0xac, 0x08, 0x41, 0x42, 0xdb, 0x4e, 0x93, 0xe1,
  0x96, 0x6c, 0x10, 0xea, 0x35, 0x81, 0x34, 0x82, 0x7f, 0x15, 0x25, 0x7e, 0xaf, 0x86, 0xe4, 0xf9,
  0x97, 0x02, 0x1c, 0xfd, 0x7b, 0x97, 0x09, 0xf7, 0xcc, 0x68, 0x21, 0xe2, 0x7b, 0xee, 0x33, 0x41,
  0x36, 0xcc, 0xb0, 0x4a, 0x95, 0x21, 0xd4, 0x62, 0x9f, 0xf5, 0xc5, 0x9e, 0x4f, 0x66, 0x04, 0x19,
  0x37, 0xa2, 0xbc, 0x5d, 0xdb, 0x37, 0xa9, 0x57, 0x6c, 0xc8, 0x81, 0x82, 0x1b, 0x8e, 0x53, 0x21,
  0x56, 0xac, 0xd0, 0x2a, 0xf5, 0x41, 0x74, 0xc2, 0x3f, 0x55, 0x65, 0x3e, 0xef, 0xc6, 0xa4, 0xb9,
  0xd7, 0x42, 0x5c, 0xbd, 0x3b, 0xd7, 0x49, 0xb7, 0x8c, 0x28, 0x61, 0x22, 0xbb, 0x2e, 0xf3, 0x81,
  0xf6, 0x0c, 0x70, 0x8a, 0x55, 0xe1, 0x14, 0xa2, 0x5f, 0x35, 0x05, 0x5e, 0x8f, 0xa6, 0xc4, 0xd9,
  0x77, 0xe2, 0xfc, 0x1d, 0x9b, 0x77, 0xe9, 0x17, 0x2c, 0x88, 0xc1, 0xc2, 0x5b, 0xce, 0x13, 0x61,
  0x16, 0xec, 0x90, 0x6a, 0xb5, 0x01, 0xb4, 0x02, 0xff, 0x95, 0xa5, 0xfe, 0x2f, 0x06, 0x64, 0x79,
  0x17, 0x82, 0x9c, 0x7d, 0xfb, 0x17, 0x89, 0x77, 0x4c, 0xe8, 0xa1, 0x62, 0xfb, 0x6e, 0xb3, 0xc1,
  0xb6, 0x4c, 0x30, 0xca, 0x15, 0xa1, 0x54, 0xe2, 0x1f, 0x75, 0x45, 0x1e, 0xcf, 0xe6, 0x84, 0x99,
  0xb7, 0x22, 0x3c, 0xdd, 0x5b, 0xb7, 0x29, 0xd7, 0xec, 0x48, 0x01, 0x02, 0x9b, 0x0e, 0xd3, 0xa1,
  0xd6, 0x2c, 0x50, 0xaa, 0x75, 0xc1, 0xf4, 0x42, 0xbf, 0xd5, 0xe5, 0xbe, 0x6f, 0x46, 0x24, 0x39,
  0x57, 0xc2, 0xdc, 0x3d, 0xbb, 0x57, 0xc9, 0x37, 0x0c, 0xa8, 0xe1, 0xa2, 0x3b, 0xae, 0x73, 0x01,
  0x76, 0x8c, 0xf0, 0x0a, 0xd5, 0x61, 0x94, 0x22, 0xdf, 0xb5, 0x85, 0xde, 0x0f, 0x26, 0x44, 0x59,
  0xf7, 0x62, 0x7c, 0x9d, 0x1b, 0xf7, 0x69, 0x97, 0xac, 0x08, 0x41, 0x42, 0xdb, 0x4e, 0x93, 0xe1,
  0x96, 0x6c, 0x10, 0xea, 0x35, 0x81, 0x34, 0x82, 0x7f, 0x15, 0x25, 0x7e, 0xaf, 0x86, 0xe4, 0xf9,
  0x97, 0x02, 0x1c, 0xfd, 0x7b, 0x97, 0x09, 0xf7, 0xcc, 0x68, 0x21, 0xe2, 0x7b, 0xee, 0x33, 0x41,
  0x36, 0xcc, 0xb0, 0x4a, 0x95, 0x21, 0xd4, 0x62, 0x9f, 0xf5, 0xc5, 0x9e, 0x4f, 0x66, 0x04, 0x19,
  0x37, 0xa2, 0xbc, 0x5d, 0xdb, 0x37, 0xa9, 0x57, 0x6c, 0xc8, 0x81, 0x82, 0x1b, 0x8e, 0x53, 0x21,
  0x56, 0xac, 0xd0, 0x2a, 0xf5, 0x41, 0x74, 0xc2, 0x3f, 0x55, 0x65, 0x3e, 0xef, 0xc6, 0xa4, 0xb9,
  0xd7, 0x42, 0x5c, 0xbd, 0x3b, 0xd7, 0x49, 0xb7, 0x8c, 0x28, 0x61, 0x22, 0xbb, 0x2e, 0xf3, 0x81,
  0xf6, 0x0c, 0x70, 0x8a, 0x55, 0xe1, 0x14, 0xa2, 0x5f, 0x35, 0x05, 0x5e, 0x8f, 0xa6, 0xc4, 0xd9,
};

static const uint8_t IMG_WRONG_KEY[4224] = {
  0x46, 0x57, 0x49, 0x4d, 0x01, 0x00, 0x00, 0x00, 0x00, 0x00, 0x09, 0x00, 0x00, 0x10, 0x00, 0x00,
  0x7e, 0x6a, 0xad, 0x58, 0x55, 0xd1, 0x98, 0x21, 0xcf, 0x8e, 0x19, 0xba, 0xa2, 0x4c, 0xcd, 0x06,
  0x4f, 0x68, 0x0b, 0x69, 0x57, 0x97, 0x90, 0x14, 0xf4, 0x27, 0xbe, 0xe6, 0x57, 0x88, 0x77, 0xa2,
  0x76, 0x39, 0x2e, 0x30, 0x00, 0x00, 0x00, 0x00, 0x00, 0x00, 0x00, 0x00, 0x00, 0x00, 0x00, 0x00,
  0xe9, 0xca, 0x57, 0x9e, 0xf5, 0xac, 0xf1, 0x37, 0xf5, 0x0b, 0x7c, 0xae, 0x2d, 0x94, 0xa8, 0x96,
  0x2b, 0xe7, 0x33, 0xb0, 0x1f, 0x3f, 0x88, 0xe9, 0x14, 0x7c, 0x21, 0xad, 0x60, 0x2a, 0x1f, 0x24,
  0x2c, 0x36, 0xc4, 0xe3, 0xd1, 0x1a, 0xdd, 0x79, 0x0c, 0xa7, 0x76, 0x3b, 0x90, 0x41, 0x44, 0x09,
  0x28, 0xfb, 0x5f, 0x77, 0x97, 0x84, 0xf3, 0xf3, 0xe2, 0x52, 0x40, 0x23, 0xd2, 0x1f, 0xd4, 0x7f,
  0x6e, 0x61, 0x6d, 0x65, 0x3d, 0x76, 0x39, 0x2e, 0x30, 0x3b, 0x62, 0x6c, 0x69, 0x6e, 0x6b, 0x3d,
  0x35, 0x30, 0x3b, 0x73, 0x65, 0x6c, 0x66, 0x74, 0x65, 0x73, 0x74, 0x3d, 0x6f, 0x6b, 0x3b, 0x6d,
  0x73, 0x67, 0x3d, 0x52, 0x6f, 0x67, 0x75, 0x65, 0x20, 0x66, 0x69, 0x72, 0x6d, 0x77, 0x61, 0x72,
  0x65, 0x00, 0x62, 0x8b, 0x03, 0x41, 0xc3, 0x03, 0x84, 0x61, 0xb7, 0x65, 0x0c, 0x7e, 0xed, 0xf8,
  0xdd, 0xb1, 0x6d, 0xac, 0x0d, 0x31, 0xb9, 0x3a, 0x58, 0x88, 0xcd, 0x0f, 0xf3, 0x9b, 0x1d, 0x92,
  0xff, 0xf8, 0x02, 0xeb, 0x63, 0x21, 0x63, 0xa3, 0x24, 0xc1, 0x17, 0xc5, 0xac, 0xde, 0x4d, 0x58,
  0x3d, 0x51, 0x8d, 0x4c, 0xed, 0xd1, 0x59, 0xda, 0xb8, 0x68, 0x2d, 0xaf, 0x53, 0x3b, 0xbd, 0x32,
  0x5f, 0x58, 0xa2, 0x4b, 0xc3, 0x81, 0x03, 0xc3, 0x44, 0xa1, 0x77, 0xa5, 0xcc, 0xbe, 0x2d, 0x38,
  0x9d, 0xf1, 0x2d, 0xec, 0x4d, 0x71, 0xf9, 0x7a, 0x18, 0xc8, 0x8d, 0x4f, 0xb3, 0xdb, 0x5d, 0xd2,
  0xbf, 0xb8, 0x42, 0xab, 0x23, 0x61, 0xa3, 0x63, 0xe4, 0x01, 0xd7, 0x05, 0x6c, 0x1e, 0x8d, 0x98,
  0xfd, 0x91, 0x4d, 0x8c, 0x2d, 0x11, 0x99, 0x1a, 0x78, 0xa8, 0xed, 0xef, 0x13, 0x7b, 0xfd, 0x72,
  0x1f, 0x18, 0xe2, 0x0b, 0x83, 0xc1, 0x43, 0x83, 0x04, 0xe1, 0x37, 0xe5, 0x8c, 0xfe, 0x6d, 0x78,
  0x5d, 0x31, 0xed, 0x2c, 0x8d, 0xb1, 0x39, 0xba, 0xd8, 0x08, 0x4d, 0x8f, 0x73, 0x1b, 0x9d, 0x12,
  0x7f, 0x78, 0x82, 0x6b, 0xe3, 0xa1, 0xe3, 0x23, 0xa4, 0x41, 0x97, 0x45, 0x2c, 0x5e, 0xcd, 0xd8,
  0xbd, 0xd1, 0x0d, 0xcc, 0x6d, 0x51, 0xd9, 0x5a, 0x38, 0xe8, 0xad, 0x2f, 0xd3, 0xbb, 0x3d, 0xb2,
  0xdf, 0xd8, 0x22, 0xcb, 0x43, 0x01, 0x83, 0x43, 0xc4, 0x21, 0xf7, 0x25, 0x4c, 0x3e, 0xad, 0xb8,
  0x1d, 0x71, 0xad, 0x6c, 0xcd, 0xf1, 0x79, 0xfa, 0x98, 0x48, 0x0d, 0xcf, 0x33, 0x5b, 0xdd, 0x52,
  0x3f, 0x38, 0xc2, 0x2b, 0xa3, 0xe1, 0x23, 0xe3, 0x64, 0x81, 0x57, 0x85, 0xec, 0x9e, 0x0d, 0x18,
  0x7d, 0x11, 0xcd, 0x0c, 0xad, 0x91, 0x19, 0x9a, 0xf8, 0x28, 0x6d, 0x6f, 0x93, 0xfb, 0x7d, 0xf2,
  0x9f, 0x98, 0x62, 0x8b, 0x03, 0x41, 0xc3, 0x03, 0x84, 0x61, 0xb7, 0x65, 0x0c, 0x7e, 0xed, 0xf8,
  0xdd, 0xb1, 0x6d, 0xac, 0x0d, 0x31, 0xb9, 0x3a, 0x58, 0x88, 0xcd, 0x0f, 0xf3, 0x9b, 0x1d, 0x92,
  0xff, 0xf8, 0x02, 0xeb, 0x63, 0x21, 0x63, 0xa3, 0x24, 0xc1, 0x17, 0xc5, 0xac, 0xde, 0x4d, 0x58,
  0x3d, 0x51, 0x8d, 0x4c, 0xed, 0xd1, 0x59, 0xda, 0xb8, 0x68, 0x2d, 0xaf, 0x53, 0x3b, 0xbd, 0x32,
  0x5f, 0x58, 0xa2, 0x4b, 0xc3, 0x81, 0x03, 0xc3, 0x44, 0xa1, 0x77, 0xa5, 0xcc, 0xbe, 0x2d, 0x38,
  0x9d, 0xf1, 0x2d, 0xec, 0x4d, 0x71, 0xf9, 0x7a, 0x18, 0xc8, 0x8d, 0x4f, 0xb3, 0xdb, 0x5d, 0xd2,
  0xbf, 0xb8, 0x42, 0xab, 0x23, 0x61, 0xa3, 0x63, 0xe4, 0x01, 0xd7, 0x05, 0x6c, 0x1e, 0x8d, 0x98,
  0xfd, 0x91, 0x4d, 0x8c, 0x2d, 0x11, 0x99, 0x1a, 0x78, 0xa8, 0xed, 0xef, 0x13, 0x7b, 0xfd, 0x72,
  0x1f, 0x18, 0xe2, 0x0b, 0x83, 0xc1, 0x43, 0x83, 0x04, 0xe1, 0x37, 0xe5, 0x8c, 0xfe, 0x6d, 0x78,
  0x5d, 0x31, 0xed, 0x2c, 0x8d, 0xb1, 0x39, 0xba, 0xd8, 0x08, 0x4d, 0x8f, 0x73, 0x1b, 0x9d, 0x12,
  0x7f, 0x78, 0x82, 0x6b, 0xe3, 0xa1, 0xe3, 0x23, 0xa4, 0x41, 0x97, 0x45, 0x2c, 0x5e, 0xcd, 0xd8,
  0xbd, 0xd1, 0x0d, 0xcc, 0x6d, 0x51, 0xd9, 0x5a, 0x38, 0xe8, 0xad, 0x2f, 0xd3, 0xbb, 0x3d, 0xb2,
  0xdf, 0xd8, 0x22, 0xcb, 0x43, 0x01, 0x83, 0x43, 0xc4, 0x21, 0xf7, 0x25, 0x4c, 0x3e, 0xad, 0xb8,
  0x1d, 0x71, 0xad, 0x6c, 0xcd, 0xf1, 0x79, 0xfa, 0x98, 0x48, 0x0d, 0xcf, 0x33, 0x5b, 0xdd, 0x52,
  0x3f, 0x38, 0xc2, 0x2b, 0xa3, 0xe1, 0x23, 0xe3, 0x64, 0x81, 0x57, 0x85, 0xec, 0x9e, 0x0d, 0x18,
  0x7d, 0x11, 0xcd, 0x0c, 0xad, 0x91, 0x19, 0x9a, 0xf8, 0x28, 0x6d, 0x6f, 0x93, 0xfb, 0x7d, 0xf2,
  0x9f, 0x98, 0x62, 0x8b, 0x03, 0x41, 0xc3, 0x03, 0x84, 0x61, 0xb7, 0x65, 0x0c, 0x7e, 0xed, 0xf8,
  0xdd, 0xb1, 0x6d, 0xac, 0x0d, 0x31, 0xb9, 0x3a, 0x58, 0x88, 0xcd, 0x0f, 0xf3, 0x9b, 0x1d, 0x92,
  0xff, 0xf8, 0x02, 0xeb, 0x63, 0x21, 0x63, 0xa3, 0x24, 0xc1, 0x17, 0xc5, 0xac, 0xde, 0x4d, 0x58,
  0x3d, 0x51, 0x8d, 0x4c, 0xed, 0xd1, 0x59, 0xda, 0xb8, 0x68, 0x2d, 0xaf, 0x53, 0x3b, 0xbd, 0x32,
  0x5f, 0x58, 0xa2, 0x4b, 0xc3, 0x81, 0x03, 0xc3, 0x44, 0xa1, 0x77, 0xa5, 0xcc, 0xbe, 0x2d, 0x38,
  0x9d, 0xf1, 0x2d, 0xec, 0x4d, 0x71, 0xf9, 0x7a, 0x18, 0xc8, 0x8d, 0x4f, 0xb3, 0xdb, 0x5d, 0xd2,
  0xbf, 0xb8, 0x42, 0xab, 0x23, 0x61, 0xa3, 0x63, 0xe4, 0x01, 0xd7, 0x05, 0x6c, 0x1e, 0x8d, 0x98,
  0xfd, 0x91, 0x4d, 0x8c, 0x2d, 0x11, 0x99, 0x1a, 0x78, 0xa8, 0xed, 0xef, 0x13, 0x7b, 0xfd, 0x72,
  0x1f, 0x18, 0xe2, 0x0b, 0x83, 0xc1, 0x43, 0x83, 0x04, 0xe1, 0x37, 0xe5, 0x8c, 0xfe, 0x6d, 0x78,
  0x5d, 0x31, 0xed, 0x2c, 0x8d, 0xb1, 0x39, 0xba, 0xd8, 0x08, 0x4d, 0x8f, 0x73, 0x1b, 0x9d, 0x12,
  0x7f, 0x78, 0x82, 0x6b, 0xe3, 0xa1, 0xe3, 0x23, 0xa4, 0x41, 0x97, 0x45, 0x2c, 0x5e, 0xcd, 0xd8,
  0xbd, 0xd1, 0x0d, 0xcc, 0x6d, 0x51, 0xd9, 0x5a, 0x38, 0xe8, 0xad, 0x2f, 0xd3, 0xbb, 0x3d, 0xb2,
  0xdf, 0xd8, 0x22, 0xcb, 0x43, 0x01, 0x83, 0x43, 0xc4, 0x21, 0xf7, 0x25, 0x4c, 0x3e, 0xad, 0xb8,
  0x1d, 0x71, 0xad, 0x6c, 0xcd, 0xf1, 0x79, 0xfa, 0x98, 0x48, 0x0d, 0xcf, 0x33, 0x5b, 0xdd, 0x52,
  0x3f, 0x38, 0xc2, 0x2b, 0xa3, 0xe1, 0x23, 0xe3, 0x64, 0x81, 0x57, 0x85, 0xec, 0x9e, 0x0d, 0x18,
  0x7d, 0x11, 0xcd, 0x0c, 0xad, 0x91, 0x19, 0x9a, 0xf8, 0x28, 0x6d, 0x6f, 0x93, 0xfb, 0x7d, 0xf2,
  0x9f, 0x98, 0x62, 0x8b, 0x03, 0x41, 0xc3, 0x03, 0x84, 0x61, 0xb7, 0x65, 0x0c, 0x7e, 0xed, 0xf8,
  0xdd, 0xb1, 0x6d, 0xac, 0x0d, 0x31, 0xb9, 0x3a, 0x58, 0x88, 0xcd, 0x0f, 0xf3, 0x9b, 0x1d, 0x92,
  0xff, 0xf8, 0x02, 0xeb, 0x63, 0x21, 0x63, 0xa3, 0x24, 0xc1, 0x17, 0xc5, 0xac, 0xde, 0x4d, 0x58,
  0x3d, 0x51, 0x8d, 0x4c, 0xed, 0xd1, 0x59, 0xda, 0xb8, 0x68, 0x2d, 0xaf, 0x53, 0x3b, 0xbd, 0x32,
  0x5f, 0x58, 0xa2, 0x4b, 0xc3, 0x81, 0x03, 0xc3, 0x44, 0xa1, 0x77, 0xa5, 0xcc, 0xbe, 0x2d, 0x38,
  0x9d, 0xf1, 0x2d, 0xec, 0x4d, 0x71, 0xf9, 0x7a, 0x18, 0xc8, 0x8d, 0x4f, 0xb3, 0xdb, 0x5d, 0xd2,
  0xbf, 0xb8, 0x42, 0xab, 0x23, 0x61, 0xa3, 0x63, 0xe4, 0x01, 0xd7, 0x05, 0x6c, 0x1e, 0x8d, 0x98,
  0xfd, 0x91, 0x4d, 0x8c, 0x2d, 0x11, 0x99, 0x1a, 0x78, 0xa8, 0xed, 0xef, 0x13, 0x7b, 0xfd, 0x72,
  0x1f, 0x18, 0xe2, 0x0b, 0x83, 0xc1, 0x43, 0x83, 0x04, 0xe1, 0x37, 0xe5, 0x8c, 0xfe, 0x6d, 0x78,
  0x5d, 0x31, 0xed, 0x2c, 0x8d, 0xb1, 0x39, 0xba, 0xd8, 0x08, 0x4d, 0x8f, 0x73, 0x1b, 0x9d, 0x12,
  0x7f, 0x78, 0x82, 0x6b, 0xe3, 0xa1, 0xe3, 0x23, 0xa4, 0x41, 0x97, 0x45, 0x2c, 0x5e, 0xcd, 0xd8,
  0xbd, 0xd1, 0x0d, 0xcc, 0x6d, 0x51, 0xd9, 0x5a, 0x38, 0xe8, 0xad, 0x2f, 0xd3, 0xbb, 0x3d, 0xb2,
  0xdf, 0xd8, 0x22, 0xcb, 0x43, 0x01, 0x83, 0x43, 0xc4, 0x21, 0xf7, 0x25, 0x4c, 0x3e, 0xad, 0xb8,
  0x1d, 0x71, 0xad, 0x6c, 0xcd, 0xf1, 0x79, 0xfa, 0x98, 0x48, 0x0d, 0xcf, 0x33, 0x5b, 0xdd, 0x52,
  0x3f, 0x38, 0xc2, 0x2b, 0xa3, 0xe1, 0x23, 0xe3, 0x64, 0x81, 0x57, 0x85, 0xec, 0x9e, 0x0d, 0x18,
  0x7d, 0x11, 0xcd, 0x0c, 0xad, 0x91, 0x19, 0x9a, 0xf8, 0x28, 0x6d, 0x6f, 0x93, 0xfb, 0x7d, 0xf2,
  0x9f, 0x98, 0x62, 0x8b, 0x03, 0x41, 0xc3, 0x03, 0x84, 0x61, 0xb7, 0x65, 0x0c, 0x7e, 0xed, 0xf8,
  0xdd, 0xb1, 0x6d, 0xac, 0x0d, 0x31, 0xb9, 0x3a, 0x58, 0x88, 0xcd, 0x0f, 0xf3, 0x9b, 0x1d, 0x92,
  0xff, 0xf8, 0x02, 0xeb, 0x63, 0x21, 0x63, 0xa3, 0x24, 0xc1, 0x17, 0xc5, 0xac, 0xde, 0x4d, 0x58,
  0x3d, 0x51, 0x8d, 0x4c, 0xed, 0xd1, 0x59, 0xda, 0xb8, 0x68, 0x2d, 0xaf, 0x53, 0x3b, 0xbd, 0x32,
  0x5f, 0x58, 0xa2, 0x4b, 0xc3, 0x81, 0x03, 0xc3, 0x44, 0xa1, 0x77, 0xa5, 0xcc, 0xbe, 0x2d, 0x38,
  0x9d, 0xf1, 0x2d, 0xec, 0x4d, 0x71, 0xf9, 0x7a, 0x18, 0xc8, 0x8d, 0x4f, 0xb3, 0xdb, 0x5d, 0xd2,
  0xbf, 0xb8, 0x42, 0xab, 0x23, 0x61, 0xa3, 0x63, 0xe4, 0x01, 0xd7, 0x05, 0x6c, 0x1e, 0x8d, 0x98,
  0xfd, 0x91, 0x4d, 0x8c, 0x2d, 0x11, 0x99, 0x1a, 0x78, 0xa8, 0xed, 0xef, 0x13, 0x7b, 0xfd, 0x72,
  0x1f, 0x18, 0xe2, 0x0b, 0x83, 0xc1, 0x43, 0x83, 0x04, 0xe1, 0x37, 0xe5, 0x8c, 0xfe, 0x6d, 0x78,
  0x5d, 0x31, 0xed, 0x2c, 0x8d, 0xb1, 0x39, 0xba, 0xd8, 0x08, 0x4d, 0x8f, 0x73, 0x1b, 0x9d, 0x12,
  0x7f, 0x78, 0x82, 0x6b, 0xe3, 0xa1, 0xe3, 0x23, 0xa4, 0x41, 0x97, 0x45, 0x2c, 0x5e, 0xcd, 0xd8,
  0xbd, 0xd1, 0x0d, 0xcc, 0x6d, 0x51, 0xd9, 0x5a, 0x38, 0xe8, 0xad, 0x2f, 0xd3, 0xbb, 0x3d, 0xb2,
  0xdf, 0xd8, 0x22, 0xcb, 0x43, 0x01, 0x83, 0x43, 0xc4, 0x21, 0xf7, 0x25, 0x4c, 0x3e, 0xad, 0xb8,
  0x1d, 0x71, 0xad, 0x6c, 0xcd, 0xf1, 0x79, 0xfa, 0x98, 0x48, 0x0d, 0xcf, 0x33, 0x5b, 0xdd, 0x52,
  0x3f, 0x38, 0xc2, 0x2b, 0xa3, 0xe1, 0x23, 0xe3, 0x64, 0x81, 0x57, 0x85, 0xec, 0x9e, 0x0d, 0x18,
  0x7d, 0x11, 0xcd, 0x0c, 0xad, 0x91, 0x19, 0x9a, 0xf8, 0x28, 0x6d, 0x6f, 0x93, 0xfb, 0x7d, 0xf2,
  0x9f, 0x98, 0x62, 0x8b, 0x03, 0x41, 0xc3, 0x03, 0x84, 0x61, 0xb7, 0x65, 0x0c, 0x7e, 0xed, 0xf8,
  0xdd, 0xb1, 0x6d, 0xac, 0x0d, 0x31, 0xb9, 0x3a, 0x58, 0x88, 0xcd, 0x0f, 0xf3, 0x9b, 0x1d, 0x92,
  0xff, 0xf8, 0x02, 0xeb, 0x63, 0x21, 0x63, 0xa3, 0x24, 0xc1, 0x17, 0xc5, 0xac, 0xde, 0x4d, 0x58,
  0x3d, 0x51, 0x8d, 0x4c, 0xed, 0xd1, 0x59, 0xda, 0xb8, 0x68, 0x2d, 0xaf, 0x53, 0x3b, 0xbd, 0x32,
  0x5f, 0x58, 0xa2, 0x4b, 0xc3, 0x81, 0x03, 0xc3, 0x44, 0xa1, 0x77, 0xa5, 0xcc, 0xbe, 0x2d, 0x38,
  0x9d, 0xf1, 0x2d, 0xec, 0x4d, 0x71, 0xf9, 0x7a, 0x18, 0xc8, 0x8d, 0x4f, 0xb3, 0xdb, 0x5d, 0xd2,
  0xbf, 0xb8, 0x42, 0xab, 0x23, 0x61, 0xa3, 0x63, 0xe4, 0x01, 0xd7, 0x05, 0x6c, 0x1e, 0x8d, 0x98,
  0xfd, 0x91, 0x4d, 0x8c, 0x2d, 0x11, 0x99, 0x1a, 0x78, 0xa8, 0xed, 0xef, 0x13, 0x7b, 0xfd, 0x72,
  0x1f, 0x18, 0xe2, 0x0b, 0x83, 0xc1, 0x43, 0x83, 0x04, 0xe1, 0x37, 0xe5, 0x8c, 0xfe, 0x6d, 0x78,
  0x5d, 0x31, 0xed, 0x2c, 0x8d, 0xb1, 0x39, 0xba, 0xd8, 0x08, 0x4d, 0x8f, 0x73, 0x1b, 0x9d, 0x12,
  0x7f, 0x78, 0x82, 0x6b, 0xe3, 0xa1, 0xe3, 0x23, 0xa4, 0x41, 0x97, 0x45, 0x2c, 0x5e, 0xcd, 0xd8,
  0xbd, 0xd1, 0x0d, 0xcc, 0x6d, 0x51, 0xd9, 0x5a, 0x38, 0xe8, 0xad, 0x2f, 0xd3, 0xbb, 0x3d, 0xb2,
  0xdf, 0xd8, 0x22, 0xcb, 0x43, 0x01, 0x83, 0x43, 0xc4, 0x21, 0xf7, 0x25, 0x4c, 0x3e, 0xad, 0xb8,
  0x1d, 0x71, 0xad, 0x6c, 0xcd, 0xf1, 0x79, 0xfa, 0x98, 0x48, 0x0d, 0xcf, 0x33, 0x5b, 0xdd, 0x52,
  0x3f, 0x38, 0xc2, 0x2b, 0xa3, 0xe1, 0x23, 0xe3, 0x64, 0x81, 0x57, 0x85, 0xec, 0x9e, 0x0d, 0x18,
  0x7d, 0x11, 0xcd, 0x0c, 0xad, 0x91, 0x19, 0x9a, 0xf8, 0x28, 0x6d, 0x6f, 0x93, 0xfb, 0x7d, 0xf2,
  0x9f, 0x98, 0x62, 0x8b, 0x03, 0x41, 0xc3, 0x03, 0x84, 0x61, 0xb7, 0x65, 0x0c, 0x7e, 0xed, 0xf8,
  0xdd, 0xb1, 0x6d, 0xac, 0x0d, 0x31, 0xb9, 0x3a, 0x58, 0x88, 0xcd, 0x0f, 0xf3, 0x9b, 0x1d, 0x92,
  0xff, 0xf8, 0x02, 0xeb, 0x63, 0x21, 0x63, 0xa3, 0x24, 0xc1, 0x17, 0xc5, 0xac, 0xde, 0x4d, 0x58,
  0x3d, 0x51, 0x8d, 0x4c, 0xed, 0xd1, 0x59, 0xda, 0xb8, 0x68, 0x2d, 0xaf, 0x53, 0x3b, 0xbd, 0x32,
  0x5f, 0x58, 0xa2, 0x4b, 0xc3, 0x81, 0x03, 0xc3, 0x44, 0xa1, 0x77, 0xa5, 0xcc, 0xbe, 0x2d, 0x38,
  0x9d, 0xf1, 0x2d, 0xec, 0x4d, 0x71, 0xf9, 0x7a, 0x18, 0xc8, 0x8d, 0x4f, 0xb3, 0xdb, 0x5d, 0xd2,
  0xbf, 0xb8, 0x42, 0xab, 0x23, 0x61, 0xa3, 0x63, 0xe4, 0x01, 0xd7, 0x05, 0x6c, 0x1e, 0x8d, 0x98,
  0xfd, 0x91, 0x4d, 0x8c, 0x2d, 0x11, 0x99, 0x1a, 0x78, 0xa8, 0xed, 0xef, 0x13, 0x7b, 0xfd, 0x72,
  0x1f, 0x18, 0xe2, 0x0b, 0x83, 0xc1, 0x43, 0x83, 0x04, 0xe1, 0x37, 0xe5, 0x8c, 0xfe, 0x6d, 0x78,
  0x5d, 0x31, 0xed, 0x2c, 0x8d, 0xb1, 0x39, 0xba, 0xd8, 0x08, 0x4d, 0x8f, 0x73, 0x1b, 0x9d, 0x12,
  0x7f, 0x78, 0x82, 0x6b, 0xe3, 0xa1, 0xe3, 0x23, 0xa4, 0x41, 0x97, 0x45, 0x2c, 0x5e, 0xcd, 0xd8,
  0xbd, 0xd1, 0x0d, 0xcc, 0x6d, 0x51, 0xd9, 0x5a, 0x38, 0xe8, 0xad, 0x2f, 0xd3, 0xbb, 0x3d, 0xb2,
  0xdf, 0xd8, 0x22, 0xcb, 0x43, 0x01, 0x83, 0x43, 0xc4, 0x21, 0xf7, 0x25, 0x4c, 0x3e, 0xad, 0xb8,
  0x1d, 0x71, 0xad, 0x6c, 0xcd, 0xf1, 0x79, 0xfa, 0x98, 0x48, 0x0d, 0xcf, 0x33, 0x5b, 0xdd, 0x52,
  0x3f, 0x38, 0xc2, 0x2b, 0xa3, 0xe1, 0x23, 0xe3, 0x64, 0x81, 0x57, 0x85, 0xec, 0x9e, 0x0d, 0x18,
  0x7d, 0x11, 0xcd, 0x0c, 0xad, 0x91, 0x19, 0x9a, 0xf8, 0x28, 0x6d, 0x6f, 0x93, 0xfb, 0x7d, 0xf2,
  0x9f, 0x98, 0x62, 0x8b, 0x03, 0x41, 0xc3, 0x03, 0x84, 0x61, 0xb7, 0x65, 0x0c, 0x7e, 0xed, 0xf8,
  0xdd, 0xb1, 0x6d, 0xac, 0x0d, 0x31, 0xb9, 0x3a, 0x58, 0x88, 0xcd, 0x0f, 0xf3, 0x9b, 0x1d, 0x92,
  0xff, 0xf8, 0x02, 0xeb, 0x63, 0x21, 0x63, 0xa3, 0x24, 0xc1, 0x17, 0xc5, 0xac, 0xde, 0x4d, 0x58,
  0x3d, 0x51, 0x8d, 0x4c, 0xed, 0xd1, 0x59, 0xda, 0xb8, 0x68, 0x2d, 0xaf, 0x53, 0x3b, 0xbd, 0x32,
  0x5f, 0x58, 0xa2, 0x4b, 0xc3, 0x81, 0x03, 0xc3, 0x44, 0xa1, 0x77, 0xa5, 0xcc, 0xbe, 0x2d, 0x38,
  0x9d, 0xf1, 0x2d, 0xec, 0x4d, 0x71, 0xf9, 0x7a, 0x18, 0xc8, 0x8d, 0x4f, 0xb3, 0xdb, 0x5d, 0xd2,
  0xbf, 0xb8, 0x42, 0xab, 0x23, 0x61, 0xa3, 0x63, 0xe4, 0x01, 0xd7, 0x05, 0x6c, 0x1e, 0x8d, 0x98,
  0xfd, 0x91, 0x4d, 0x8c, 0x2d, 0x11, 0x99, 0x1a, 0x78, 0xa8, 0xed, 0xef, 0x13, 0x7b, 0xfd, 0x72,
  0x1f, 0x18, 0xe2, 0x0b, 0x83, 0xc1, 0x43, 0x83, 0x04, 0xe1, 0x37, 0xe5, 0x8c, 0xfe, 0x6d, 0x78,
  0x5d, 0x31, 0xed, 0x2c, 0x8d, 0xb1, 0x39, 0xba, 0xd8, 0x08, 0x4d, 0x8f, 0x73, 0x1b, 0x9d, 0x12,
  0x7f, 0x78, 0x82, 0x6b, 0xe3, 0xa1, 0xe3, 0x23, 0xa4, 0x41, 0x97, 0x45, 0x2c, 0x5e, 0xcd, 0xd8,
  0xbd, 0xd1, 0x0d, 0xcc, 0x6d, 0x51, 0xd9, 0x5a, 0x38, 0xe8, 0xad, 0x2f, 0xd3, 0xbb, 0x3d, 0xb2,
  0xdf, 0xd8, 0x22, 0xcb, 0x43, 0x01, 0x83, 0x43, 0xc4, 0x21, 0xf7, 0x25, 0x4c, 0x3e, 0xad, 0xb8,
  0x1d, 0x71, 0xad, 0x6c, 0xcd, 0xf1, 0x79, 0xfa, 0x98, 0x48, 0x0d, 0xcf, 0x33, 0x5b, 0xdd, 0x52,
  0x3f, 0x38, 0xc2, 0x2b, 0xa3, 0xe1, 0x23, 0xe3, 0x64, 0x81, 0x57, 0x85, 0xec, 0x9e, 0x0d, 0x18,
  0x7d, 0x11, 0xcd, 0x0c, 0xad, 0x91, 0x19, 0x9a, 0xf8, 0x28, 0x6d, 0x6f, 0x93, 0xfb, 0x7d, 0xf2,
  0x9f, 0x98, 0x62, 0x8b, 0x03, 0x41, 0xc3, 0x03, 0x84, 0x61, 0xb7, 0x65, 0x0c, 0x7e, 0xed, 0xf8,
  0xdd, 0xb1, 0x6d, 0xac, 0x0d, 0x31, 0xb9, 0x3a, 0x58, 0x88, 0xcd, 0x0f, 0xf3, 0x9b, 0x1d, 0x92,
  0xff, 0xf8, 0x02, 0xeb, 0x63, 0x21, 0x63, 0xa3, 0x24, 0xc1, 0x17, 0xc5, 0xac, 0xde, 0x4d, 0x58,
  0x3d, 0x51, 0x8d, 0x4c, 0xed, 0xd1, 0x59, 0xda, 0xb8, 0x68, 0x2d, 0xaf, 0x53, 0x3b, 0xbd, 0x32,
  0x5f, 0x58, 0xa2, 0x4b, 0xc3, 0x81, 0x03, 0xc3, 0x44, 0xa1, 0x77, 0xa5, 0xcc, 0xbe, 0x2d, 0x38,
  0x9d, 0xf1, 0x2d, 0xec, 0x4d, 0x71, 0xf9, 0x7a, 0x18, 0xc8, 0x8d, 0x4f, 0xb3, 0xdb, 0x5d, 0xd2,
  0xbf, 0xb8, 0x42, 0xab, 0x23, 0x61, 0xa3, 0x63, 0xe4, 0x01, 0xd7, 0x05, 0x6c, 0x1e, 0x8d, 0x98,
  0xfd, 0x91, 0x4d, 0x8c, 0x2d, 0x11, 0x99, 0x1a, 0x78, 0xa8, 0xed, 0xef, 0x13, 0x7b, 0xfd, 0x72,
  0x1f, 0x18, 0xe2, 0x0b, 0x83, 0xc1, 0x43, 0x83, 0x04, 0xe1, 0x37, 0xe5, 0x8c, 0xfe, 0x6d, 0x78,
  0x5d, 0x31, 0xed, 0x2c, 0x8d, 0xb1, 0x39, 0xba, 0xd8, 0x08, 0x4d, 0x8f, 0x73, 0x1b, 0x9d, 0x12,
  0x7f, 0x78, 0x82, 0x6b, 0xe3, 0xa1, 0xe3, 0x23, 0xa4, 0x41, 0x97, 0x45, 0x2c, 0x5e, 0xcd, 0xd8,
  0xbd, 0xd1, 0x0d, 0xcc, 0x6d, 0x51, 0xd9, 0x5a, 0x38, 0xe8, 0xad, 0x2f, 0xd3, 0xbb, 0x3d, 0xb2,
  0xdf, 0xd8, 0x22, 0xcb, 0x43, 0x01, 0x83, 0x43, 0xc4, 0x21, 0xf7, 0x25, 0x4c, 0x3e, 0xad, 0xb8,
  0x1d, 0x71, 0xad, 0x6c, 0xcd, 0xf1, 0x79, 0xfa, 0x98, 0x48, 0x0d, 0xcf, 0x33, 0x5b, 0xdd, 0x52,
  0x3f, 0x38, 0xc2, 0x2b, 0xa3, 0xe1, 0x23, 0xe3, 0x64, 0x81, 0x57, 0x85, 0xec, 0x9e, 0x0d, 0x18,
  0x7d, 0x11, 0xcd, 0x0c, 0xad, 0x91, 0x19, 0x9a, 0xf8, 0x28, 0x6d, 0x6f, 0x93, 0xfb, 0x7d, 0xf2,
  0x9f, 0x98, 0x62, 0x8b, 0x03, 0x41, 0xc3, 0x03, 0x84, 0x61, 0xb7, 0x65, 0x0c, 0x7e, 0xed, 0xf8,
  0xdd, 0xb1, 0x6d, 0xac, 0x0d, 0x31, 0xb9, 0x3a, 0x58, 0x88, 0xcd, 0x0f, 0xf3, 0x9b, 0x1d, 0x92,
  0xff, 0xf8, 0x02, 0xeb, 0x63, 0x21, 0x63, 0xa3, 0x24, 0xc1, 0x17, 0xc5, 0xac, 0xde, 0x4d, 0x58,
  0x3d, 0x51, 0x8d, 0x4c, 0xed, 0xd1, 0x59, 0xda, 0xb8, 0x68, 0x2d, 0xaf, 0x53, 0x3b, 0xbd, 0x32,
  0x5f, 0x58, 0xa2, 0x4b, 0xc3, 0x81, 0x03, 0xc3, 0x44, 0xa1, 0x77, 0xa5, 0xcc, 0xbe, 0x2d, 0x38,
  0x9d, 0xf1, 0x2d, 0xec, 0x4d, 0x71, 0xf9, 0x7a, 0x18, 0xc8, 0x8d, 0x4f, 0xb3, 0xdb, 0x5d, 0xd2,
  0xbf, 0xb8, 0x42, 0xab, 0x23, 0x61, 0xa3, 0x63, 0xe4, 0x01, 0xd7, 0x05, 0x6c, 0x1e, 0x8d, 0x98,
  0xfd, 0x91, 0x4d, 0x8c, 0x2d, 0x11, 0x99, 0x1a, 0x78, 0xa8, 0xed, 0xef, 0x13, 0x7b, 0xfd, 0x72,
  0x1f, 0x18, 0xe2, 0x0b, 0x83, 0xc1, 0x43, 0x83, 0x04, 0xe1, 0x37, 0xe5, 0x8c, 0xfe, 0x6d, 0x78,
  0x5d, 0x31, 0xed, 0x2c, 0x8d, 0xb1, 0x39, 0xba, 0xd8, 0x08, 0x4d, 0x8f, 0x73, 0x1b, 0x9d, 0x12,
  0x7f, 0x78, 0x82, 0x6b, 0xe3, 0xa1, 0xe3, 0x23, 0xa4, 0x41, 0x97, 0x45, 0x2c, 0x5e, 0xcd, 0xd8,
  0xbd, 0xd1, 0x0d, 0xcc, 0x6d, 0x51, 0xd9, 0x5a, 0x38, 0xe8, 0xad, 0x2f, 0xd3, 0xbb, 0x3d, 0xb2,
  0xdf, 0xd8, 0x22, 0xcb, 0x43, 0x01, 0x83, 0x43, 0xc4, 0x21, 0xf7, 0x25, 0x4c, 0x3e, 0xad, 0xb8,
  0x1d, 0x71, 0xad, 0x6c, 0xcd, 0xf1, 0x79, 0xfa, 0x98, 0x48, 0x0d, 0xcf, 0x33, 0x5b, 0xdd, 0x52,
  0x3f, 0x38, 0xc2, 0x2b, 0xa3, 0xe1, 0x23, 0xe3, 0x64, 0x81, 0x57, 0x85, 0xec, 0x9e, 0x0d, 0x18,
  0x7d, 0x11, 0xcd, 0x0c, 0xad, 0x91, 0x19, 0x9a, 0xf8, 0x28, 0x6d, 0x6f, 0x93, 0xfb, 0x7d, 0xf2,
  0x9f, 0x98, 0x62, 0x8b, 0x03, 0x41, 0xc3, 0x03, 0x84, 0x61, 0xb7, 0x65, 0x0c, 0x7e, 0xed, 0xf8,
  0xdd, 0xb1, 0x6d, 0xac, 0x0d, 0x31, 0xb9, 0x3a, 0x58, 0x88, 0xcd, 0x0f, 0xf3, 0x9b, 0x1d, 0x92,
  0xff, 0xf8, 0x02, 0xeb, 0x63, 0x21, 0x63, 0xa3, 0x24, 0xc1, 0x17, 0xc5, 0xac, 0xde, 0x4d, 0x58,
  0x3d, 0x51, 0x8d, 0x4c, 0xed, 0xd1, 0x59, 0xda, 0xb8, 0x68, 0x2d, 0xaf, 0x53, 0x3b, 0xbd, 0x32,
  0x5f, 0x58, 0xa2, 0x4b, 0xc3, 0x81, 0x03, 0xc3, 0x44, 0xa1, 0x77, 0xa5, 0xcc, 0xbe, 0x2d, 0x38,
  0x9d, 0xf1, 0x2d, 0xec, 0x4d, 0x71, 0xf9, 0x7a, 0x18, 0xc8, 0x8d, 0x4f, 0xb3, 0xdb, 0x5d, 0xd2,
  0xbf, 0xb8, 0x42, 0xab, 0x23, 0x61, 0xa3, 0x63, 0xe4, 0x01, 0xd7, 0x05, 0x6c, 0x1e, 0x8d, 0x98,
  0xfd, 0x91, 0x4d, 0x8c, 0x2d, 0x11, 0x99, 0x1a, 0x78, 0xa8, 0xed, 0xef, 0x13, 0x7b, 0xfd, 0x72,
  0x1f, 0x18, 0xe2, 0x0b, 0x83, 0xc1, 0x43, 0x83, 0x04, 0xe1, 0x37, 0xe5, 0x8c, 0xfe, 0x6d, 0x78,
  0x5d, 0x31, 0xed, 0x2c, 0x8d, 0xb1, 0x39, 0xba, 0xd8, 0x08, 0x4d, 0x8f, 0x73, 0x1b, 0x9d, 0x12,
  0x7f, 0x78, 0x82, 0x6b, 0xe3, 0xa1, 0xe3, 0x23, 0xa4, 0x41, 0x97, 0x45, 0x2c, 0x5e, 0xcd, 0xd8,
  0xbd, 0xd1, 0x0d, 0xcc, 0x6d, 0x51, 0xd9, 0x5a, 0x38, 0xe8, 0xad, 0x2f, 0xd3, 0xbb, 0x3d, 0xb2,
  0xdf, 0xd8, 0x22, 0xcb, 0x43, 0x01, 0x83, 0x43, 0xc4, 0x21, 0xf7, 0x25, 0x4c, 0x3e, 0xad, 0xb8,
  0x1d, 0x71, 0xad, 0x6c, 0xcd, 0xf1, 0x79, 0xfa, 0x98, 0x48, 0x0d, 0xcf, 0x33, 0x5b, 0xdd, 0x52,
  0x3f, 0x38, 0xc2, 0x2b, 0xa3, 0xe1, 0x23, 0xe3, 0x64, 0x81, 0x57, 0x85, 0xec, 0x9e, 0x0d, 0x18,
  0x7d, 0x11, 0xcd, 0x0c, 0xad, 0x91, 0x19, 0x9a, 0xf8, 0x28, 0x6d, 0x6f, 0x93, 0xfb, 0x7d, 0xf2,
  0x9f, 0x98, 0x62, 0x8b, 0x03, 0x41, 0xc3, 0x03, 0x84, 0x61, 0xb7, 0x65, 0x0c, 0x7e, 0xed, 0xf8,
  0xdd, 0xb1, 0x6d, 0xac, 0x0d, 0x31, 0xb9, 0x3a, 0x58, 0x88, 0xcd, 0x0f, 0xf3, 0x9b, 0x1d, 0x92,
  0xff, 0xf8, 0x02, 0xeb, 0x63, 0x21, 0x63, 0xa3, 0x24, 0xc1, 0x17, 0xc5, 0xac, 0xde, 0x4d, 0x58,
  0x3d, 0x51, 0x8d, 0x4c, 0xed, 0xd1, 0x59, 0xda, 0xb8, 0x68, 0x2d, 0xaf, 0x53, 0x3b, 0xbd, 0x32,
  0x5f, 0x58, 0xa2, 0x4b, 0xc3, 0x81, 0x03, 0xc3, 0x44, 0xa1, 0x77, 0xa5, 0xcc, 0xbe, 0x2d, 0x38,
  0x9d, 0xf1, 0x2d, 0xec, 0x4d, 0x71, 0xf9, 0x7a, 0x18, 0xc8, 0x8d, 0x4f, 0xb3, 0xdb, 0x5d, 0xd2,
  0xbf, 0xb8, 0x42, 0xab, 0x23, 0x61, 0xa3, 0x63, 0xe4, 0x01, 0xd7, 0x05, 0x6c, 0x1e, 0x8d, 0x98,
  0xfd, 0x91, 0x4d, 0x8c, 0x2d, 0x11, 0x99, 0x1a, 0x78, 0xa8, 0xed, 0xef, 0x13, 0x7b, 0xfd, 0x72,
  0x1f, 0x18, 0xe2, 0x0b, 0x83, 0xc1, 0x43, 0x83, 0x04, 0xe1, 0x37, 0xe5, 0x8c, 0xfe, 0x6d, 0x78,
  0x5d, 0x31, 0xed, 0x2c, 0x8d, 0xb1, 0x39, 0xba, 0xd8, 0x08, 0x4d, 0x8f, 0x73, 0x1b, 0x9d, 0x12,
  0x7f, 0x78, 0x82, 0x6b, 0xe3, 0xa1, 0xe3, 0x23, 0xa4, 0x41, 0x97, 0x45, 0x2c, 0x5e, 0xcd, 0xd8,
  0xbd, 0xd1, 0x0d, 0xcc, 0x6d, 0x51, 0xd9, 0x5a, 0x38, 0xe8, 0xad, 0x2f, 0xd3, 0xbb, 0x3d, 0xb2,
  0xdf, 0xd8, 0x22, 0xcb, 0x43, 0x01, 0x83, 0x43, 0xc4, 0x21, 0xf7, 0x25, 0x4c, 0x3e, 0xad, 0xb8,
  0x1d, 0x71, 0xad, 0x6c, 0xcd, 0xf1, 0x79, 0xfa, 0x98, 0x48, 0x0d, 0xcf, 0x33, 0x5b, 0xdd, 0x52,
  0x3f, 0x38, 0xc2, 0x2b, 0xa3, 0xe1, 0x23, 0xe3, 0x64, 0x81, 0x57, 0x85, 0xec, 0x9e, 0x0d, 0x18,
  0x7d, 0x11, 0xcd, 0x0c, 0xad, 0x91, 0x19, 0x9a, 0xf8, 0x28, 0x6d, 0x6f, 0x93, 0xfb, 0x7d, 0xf2,
  0x9f, 0x98, 0x62, 0x8b, 0x03, 0x41, 0xc3, 0x03, 0x84, 0x61, 0xb7, 0x65, 0x0c, 0x7e, 0xed, 0xf8,
  0xdd, 0xb1, 0x6d, 0xac, 0x0d, 0x31, 0xb9, 0x3a, 0x58, 0x88, 0xcd, 0x0f, 0xf3, 0x9b, 0x1d, 0x92,
  0xff, 0xf8, 0x02, 0xeb, 0x63, 0x21, 0x63, 0xa3, 0x24, 0xc1, 0x17, 0xc5, 0xac, 0xde, 0x4d, 0x58,
  0x3d, 0x51, 0x8d, 0x4c, 0xed, 0xd1, 0x59, 0xda, 0xb8, 0x68, 0x2d, 0xaf, 0x53, 0x3b, 0xbd, 0x32,
  0x5f, 0x58, 0xa2, 0x4b, 0xc3, 0x81, 0x03, 0xc3, 0x44, 0xa1, 0x77, 0xa5, 0xcc, 0xbe, 0x2d, 0x38,
  0x9d, 0xf1, 0x2d, 0xec, 0x4d, 0x71, 0xf9, 0x7a, 0x18, 0xc8, 0x8d, 0x4f, 0xb3, 0xdb, 0x5d, 0xd2,
  0xbf, 0xb8, 0x42, 0xab, 0x23, 0x61, 0xa3, 0x63, 0xe4, 0x01, 0xd7, 0x05, 0x6c, 0x1e, 0x8d, 0x98,
  0xfd, 0x91, 0x4d, 0x8c, 0x2d, 0x11, 0x99, 0x1a, 0x78, 0xa8, 0xed, 0xef, 0x13, 0x7b, 0xfd, 0x72,
  0x1f, 0x18, 0xe2, 0x0b, 0x83, 0xc1, 0x43, 0x83, 0x04, 0xe1, 0x37, 0xe5, 0x8c, 0xfe, 0x6d, 0x78,
  0x5d, 0x31, 0xed, 0x2c, 0x8d, 0xb1, 0x39, 0xba, 0xd8, 0x08, 0x4d, 0x8f, 0x73, 0x1b, 0x9d, 0x12,
  0x7f, 0x78, 0x82, 0x6b, 0xe3, 0xa1, 0xe3, 0x23, 0xa4, 0x41, 0x97, 0x45, 0x2c, 0x5e, 0xcd, 0xd8,
  0xbd, 0xd1, 0x0d, 0xcc, 0x6d, 0x51, 0xd9, 0x5a, 0x38, 0xe8, 0xad, 0x2f, 0xd3, 0xbb, 0x3d, 0xb2,
  0xdf, 0xd8, 0x22, 0xcb, 0x43, 0x01, 0x83, 0x43, 0xc4, 0x21, 0xf7, 0x25, 0x4c, 0x3e, 0xad, 0xb8,
  0x1d, 0x71, 0xad, 0x6c, 0xcd, 0xf1, 0x79, 0xfa, 0x98, 0x48, 0x0d, 0xcf, 0x33, 0x5b, 0xdd, 0x52,
  0x3f, 0x38, 0xc2, 0x2b, 0xa3, 0xe1, 0x23, 0xe3, 0x64, 0x81, 0x57, 0x85, 0xec, 0x9e, 0x0d, 0x18,
  0x7d, 0x11, 0xcd, 0x0c, 0xad, 0x91, 0x19, 0x9a, 0xf8, 0x28, 0x6d, 0x6f, 0x93, 0xfb, 0x7d, 0xf2,
  0x9f, 0x98, 0x62, 0x8b, 0x03, 0x41, 0xc3, 0x03, 0x84, 0x61, 0xb7, 0x65, 0x0c, 0x7e, 0xed, 0xf8,
  0xdd, 0xb1, 0x6d, 0xac, 0x0d, 0x31, 0xb9, 0x3a, 0x58, 0x88, 0xcd, 0x0f, 0xf3, 0x9b, 0x1d, 0x92,
  0xff, 0xf8, 0x02, 0xeb, 0x63, 0x21, 0x63, 0xa3, 0x24, 0xc1, 0x17, 0xc5, 0xac, 0xde, 0x4d, 0x58,
  0x3d, 0x51, 0x8d, 0x4c, 0xed, 0xd1, 0x59, 0xda, 0xb8, 0x68, 0x2d, 0xaf, 0x53, 0x3b, 0xbd, 0x32,
  0x5f, 0x58, 0xa2, 0x4b, 0xc3, 0x81, 0x03, 0xc3, 0x44, 0xa1, 0x77, 0xa5, 0xcc, 0xbe, 0x2d, 0x38,
  0x9d, 0xf1, 0x2d, 0xec, 0x4d, 0x71, 0xf9, 0x7a, 0x18, 0xc8, 0x8d, 0x4f, 0xb3, 0xdb, 0x5d, 0xd2,
  0xbf, 0xb8, 0x42, 0xab, 0x23, 0x61, 0xa3, 0x63, 0xe4, 0x01, 0xd7, 0x05, 0x6c, 0x1e, 0x8d, 0x98,
  0xfd, 0x91, 0x4d, 0x8c, 0x2d, 0x11, 0x99, 0x1a, 0x78, 0xa8, 0xed, 0xef, 0x13, 0x7b, 0xfd, 0x72,
  0x1f, 0x18, 0xe2, 0x0b, 0x83, 0xc1, 0x43, 0x83, 0x04, 0xe1, 0x37, 0xe5, 0x8c, 0xfe, 0x6d, 0x78,
  0x5d, 0x31, 0xed, 0x2c, 0x8d, 0xb1, 0x39, 0xba, 0xd8, 0x08, 0x4d, 0x8f, 0x73, 0x1b, 0x9d, 0x12,
  0x7f, 0x78, 0x82, 0x6b, 0xe3, 0xa1, 0xe3, 0x23, 0xa4, 0x41, 0x97, 0x45, 0x2c, 0x5e, 0xcd, 0xd8,
  0xbd, 0xd1, 0x0d, 0xcc, 0x6d, 0x51, 0xd9, 0x5a, 0x38, 0xe8, 0xad, 0x2f, 0xd3, 0xbb, 0x3d, 0xb2,
  0xdf, 0xd8, 0x22, 0xcb, 0x43, 0x01, 0x83, 0x43, 0xc4, 0x21, 0xf7, 0x25, 0x4c, 0x3e, 0xad, 0xb8,
  0x1d, 0x71, 0xad, 0x6c, 0xcd, 0xf1, 0x79, 0xfa, 0x98, 0x48, 0x0d, 0xcf, 0x33, 0x5b, 0xdd, 0x52,
  0x3f, 0x38, 0xc2, 0x2b, 0xa3, 0xe1, 0x23, 0xe3, 0x64, 0x81, 0x57, 0x85, 0xec, 0x9e, 0x0d, 0x18,
  0x7d, 0x11, 0xcd, 0x0c, 0xad, 0x91, 0x19, 0x9a, 0xf8, 0x28, 0x6d, 0x6f, 0x93, 0xfb, 0x7d, 0xf2,
  0x9f, 0x98, 0x62, 0x8b, 0x03, 0x41, 0xc3, 0x03, 0x84, 0x61, 0xb7, 0x65, 0x0c, 0x7e, 0xed, 0xf8,
  0xdd, 0xb1, 0x6d, 0xac, 0x0d, 0x31, 0xb9, 0x3a, 0x58, 0x88, 0xcd, 0x0f, 0xf3, 0x9b, 0x1d, 0x92,
  0xff, 0xf8, 0x02, 0xeb, 0x63, 0x21, 0x63, 0xa3, 0x24, 0xc1, 0x17, 0xc5, 0xac, 0xde, 0x4d, 0x58,
  0x3d, 0x51, 0x8d, 0x4c, 0xed, 0xd1, 0x59, 0xda, 0xb8, 0x68, 0x2d, 0xaf, 0x53, 0x3b, 0xbd, 0x32,
  0x5f, 0x58, 0xa2, 0x4b, 0xc3, 0x81, 0x03, 0xc3, 0x44, 0xa1, 0x77, 0xa5, 0xcc, 0xbe, 0x2d, 0x38,
  0x9d, 0xf1, 0x2d, 0xec, 0x4d, 0x71, 0xf9, 0x7a, 0x18, 0xc8, 0x8d, 0x4f, 0xb3, 0xdb, 0x5d, 0xd2,
  0xbf, 0xb8, 0x42, 0xab, 0x23, 0x61, 0xa3, 0x63, 0xe4, 0x01, 0xd7, 0x05, 0x6c, 0x1e, 0x8d, 0x98,
  0xfd, 0x91, 0x4d, 0x8c, 0x2d, 0x11, 0x99, 0x1a, 0x78, 0xa8, 0xed, 0xef, 0x13, 0x7b, 0xfd, 0x72,
  0x1f, 0x18, 0xe2, 0x0b, 0x83, 0xc1, 0x43, 0x83, 0x04, 0xe1, 0x37, 0xe5, 0x8c, 0xfe, 0x6d, 0x78,
  0x5d, 0x31, 0xed, 0x2c, 0x8d, 0xb1, 0x39, 0xba, 0xd8, 0x08, 0x4d, 0x8f, 0x73, 0x1b, 0x9d, 0x12,
  0x7f, 0x78, 0x82, 0x6b, 0xe3, 0xa1, 0xe3, 0x23, 0xa4, 0x41, 0x97, 0x45, 0x2c, 0x5e, 0xcd, 0xd8,
  0xbd, 0xd1, 0x0d, 0xcc, 0x6d, 0x51, 0xd9, 0x5a, 0x38, 0xe8, 0xad, 0x2f, 0xd3, 0xbb, 0x3d, 0xb2,
  0xdf, 0xd8, 0x22, 0xcb, 0x43, 0x01, 0x83, 0x43, 0xc4, 0x21, 0xf7, 0x25, 0x4c, 0x3e, 0xad, 0xb8,
  0x1d, 0x71, 0xad, 0x6c, 0xcd, 0xf1, 0x79, 0xfa, 0x98, 0x48, 0x0d, 0xcf, 0x33, 0x5b, 0xdd, 0x52,
  0x3f, 0x38, 0xc2, 0x2b, 0xa3, 0xe1, 0x23, 0xe3, 0x64, 0x81, 0x57, 0x85, 0xec, 0x9e, 0x0d, 0x18,
  0x7d, 0x11, 0xcd, 0x0c, 0xad, 0x91, 0x19, 0x9a, 0xf8, 0x28, 0x6d, 0x6f, 0x93, 0xfb, 0x7d, 0xf2,
  0x9f, 0x98, 0x62, 0x8b, 0x03, 0x41, 0xc3, 0x03, 0x84, 0x61, 0xb7, 0x65, 0x0c, 0x7e, 0xed, 0xf8,
  0xdd, 0xb1, 0x6d, 0xac, 0x0d, 0x31, 0xb9, 0x3a, 0x58, 0x88, 0xcd, 0x0f, 0xf3, 0x9b, 0x1d, 0x92,
  0xff, 0xf8, 0x02, 0xeb, 0x63, 0x21, 0x63, 0xa3, 0x24, 0xc1, 0x17, 0xc5, 0xac, 0xde, 0x4d, 0x58,
  0x3d, 0x51, 0x8d, 0x4c, 0xed, 0xd1, 0x59, 0xda, 0xb8, 0x68, 0x2d, 0xaf, 0x53, 0x3b, 0xbd, 0x32,
  0x5f, 0x58, 0xa2, 0x4b, 0xc3, 0x81, 0x03, 0xc3, 0x44, 0xa1, 0x77, 0xa5, 0xcc, 0xbe, 0x2d, 0x38,
  0x9d, 0xf1, 0x2d, 0xec, 0x4d, 0x71, 0xf9, 0x7a, 0x18, 0xc8, 0x8d, 0x4f, 0xb3, 0xdb, 0x5d, 0xd2,
  0xbf, 0xb8, 0x42, 0xab, 0x23, 0x61, 0xa3, 0x63, 0xe4, 0x01, 0xd7, 0x05, 0x6c, 0x1e, 0x8d, 0x98,
  0xfd, 0x91, 0x4d, 0x8c, 0x2d, 0x11, 0x99, 0x1a, 0x78, 0xa8, 0xed, 0xef, 0x13, 0x7b, 0xfd, 0x72,
  0x1f, 0x18, 0xe2, 0x0b, 0x83, 0xc1, 0x43, 0x83, 0x04, 0xe1, 0x37, 0xe5, 0x8c, 0xfe, 0x6d, 0x78,
  0x5d, 0x31, 0xed, 0x2c, 0x8d, 0xb1, 0x39, 0xba, 0xd8, 0x08, 0x4d, 0x8f, 0x73, 0x1b, 0x9d, 0x12,
  0x7f, 0x78, 0x82, 0x6b, 0xe3, 0xa1, 0xe3, 0x23, 0xa4, 0x41, 0x97, 0x45, 0x2c, 0x5e, 0xcd, 0xd8,
  0xbd, 0xd1, 0x0d, 0xcc, 0x6d, 0x51, 0xd9, 0x5a, 0x38, 0xe8, 0xad, 0x2f, 0xd3, 0xbb, 0x3d, 0xb2,
  0xdf, 0xd8, 0x22, 0xcb, 0x43, 0x01, 0x83, 0x43, 0xc4, 0x21, 0xf7, 0x25, 0x4c, 0x3e, 0xad, 0xb8,
};

static const uint8_t IMG_DOWNGRADE[4224] = {
  0x46, 0x57, 0x49, 0x4d, 0x01, 0x00, 0x00, 0x00, 0x00, 0x00, 0x01, 0x00, 0x00, 0x10, 0x00, 0x00,
  0xb3, 0x62, 0x6a, 0x5d, 0xcf, 0xef, 0x84, 0x92, 0x0c, 0x48, 0x6d, 0xad, 0x19, 0x0d, 0x7c, 0x9c,
  0x1a, 0x1b, 0xe2, 0x1b, 0x44, 0x21, 0x70, 0x9a, 0x7a, 0xaa, 0xec, 0x25, 0x37, 0xf9, 0x6b, 0x06,
  0x76, 0x31, 0x2e, 0x30, 0x20, 0x66, 0x61, 0x63, 0x74, 0x6f, 0x72, 0x79, 0x00, 0x00, 0x00, 0x00,
  0x54, 0x43, 0xa7, 0x12, 0xc6, 0x98, 0xd6, 0xa4, 0xa5, 0x6d, 0x2c, 0x2d, 0xb3, 0x16, 0xaf, 0x81,
  0x47, 0x83, 0x82, 0x86, 0xbc, 0xf7, 0xce, 0x87, 0x70, 0x10, 0xe6, 0x01, 0xb7, 0xe9, 0x97, 0x2f,
  0x7c, 0x78, 0x29, 0x9f, 0x3d, 0xda, 0x6f, 0xf4, 0xbf, 0x55, 0x7e, 0x0f, 0x8e, 0x4a, 0xbb, 0x82,
  0xa0, 0x0d, 0x72, 0xb5, 0xfc, 0x64, 0x36, 0xd8, 0x06, 0xff, 0x28, 0x4e, 0x87, 0xbe, 0x1b, 0xbe,
  0x6e, 0x61, 0x6d, 0x65, 0x3d, 0x76, 0x31, 0x2e, 0x30, 0x20, 0x66, 0x61, 0x63, 0x74, 0x6f, 0x72,
  0x79, 0x3b, 0x62, 0x6c, 0x69, 0x6e, 0x6b, 0x3d, 0x31, 0x30, 0x30, 0x30, 0x3b, 0x73, 0x65, 0x6c,
  0x66, 0x74, 0x65, 0x73, 0x74, 0x3d, 0x6f, 0x6b, 0x3b, 0x6d, 0x73, 0x67, 0x3d, 0x46, 0x61, 0x63,
  0x74, 0x6f, 0x72, 0x79, 0x20, 0x66, 0x69, 0x72, 0x6d, 0x77, 0x61, 0x72, 0x65, 0x00, 0x1e, 0xc2,
  0x56, 0x71, 0x0e, 0x26, 0xcd, 0x40, 0xbd, 0x46, 0x08, 0xef, 0x75, 0xf7, 0xf4, 0x98, 0x86, 0x8a,
  0x71, 0x27, 0xa7, 0x9c, 0x3e, 0x92, 0x6b, 0xf0, 0x9e, 0x87, 0xb8, 0x78, 0x29, 0x42, 0xbe, 0x62,
  0xb6, 0x91, 0xee, 0xc6, 0x2d, 0xa0, 0x5d, 0xa6, 0xe8, 0x0f, 0x95, 0x57, 0x54, 0x38, 0x26, 0x2a,
  0xd1, 0x87, 0x07, 0x3c, 0x9e, 0x32, 0x0b, 0x90, 0xfe, 0xe7, 0xd8, 0x18, 0x49, 0x22, 0xde, 0x02,
  0x16, 0x31, 0x4e, 0x66, 0x8d, 0x00, 0xfd, 0x06, 0x48, 0xaf, 0x35, 0xb7, 0xb4, 0xd8, 0xc6, 0xca,
  0x31, 0x67, 0xe7, 0xdc, 0x7e, 0xd2, 0xab, 0x30, 0x5e, 0x47, 0x78, 0xb8, 0xe9, 0x82, 0x7e, 0xa2,
  0x76, 0x51, 0x2e, 0x06, 0xed, 0x60, 0x9d, 0x66, 0x28, 0xcf, 0x55, 0x17, 0x14, 0x78, 0x66, 0x6a,
  0x91, 0xc7, 0x47, 0x7c, 0xde, 0x72, 0x4b, 0xd0, 0xbe, 0xa7, 0x98, 0x58, 0x09, 0x62, 0x9e, 0x42,
  0xd6, 0xf1, 0x8e, 0xa6, 0x4d, 0xc0, 0x3d, 0xc6, 0x88, 0x6f, 0xf5, 0x77, 0x74, 0x18, 0x06, 0x0a,
  0xf1, 0xa7, 0x27, 0x1c, 0xbe, 0x12, 0xeb, 0x70, 0x1e, 0x07, 0x38, 0xf8, 0xa9, 0xc2, 0x3e, 0xe2,
  0x36, 0x11, 0x6e, 0x46, 0xad, 0x20, 0xdd, 0x26, 0x68, 0x8f, 0x15, 0xd7, 0xd4, 0xb8, 0xa6, 0xaa,
  0x51, 0x07, 0x87, 0xbc, 0x1e, 0xb2, 0x8b, 0x10, 0x7e, 0x67, 0x58, 0x98, 0xc9, 0xa2, 0x5e, 0x82,
  0x96, 0xb1, 0xce, 0xe6, 0x0d, 0x80, 0x7d, 0x86, 0xc8, 0x2f, 0xb5, 0x37, 0x34, 0x58, 0x46, 0x4a,
  0xb1, 0xe7, 0x67, 0x5c, 0xfe, 0x52, 0x2b, 0xb0, 0xde, 0xc7, 0xf8, 0x38, 0x69, 0x02, 0xfe, 0x22,
  0xf6, 0xd1, 0xae, 0x86, 0x6d, 0xe0, 0x1d, 0xe6, 0xa8, 0x4f, 0xd5, 0x97, 0x94, 0xf8, 0xe6, 0xea,
  0x11, 0x47, 0xc7, 0xfc, 0x5e, 0xf2, 0xcb, 0x50, 0x3e, 0x27, 0x18, 0xd8, 0x89, 0xe2, 0x1e, 0xc2,
  0x56, 0x71, 0x0e, 0x26, 0xcd, 0x40, 0xbd, 0x46, 0x08, 0xef, 0x75, 0xf7, 0xf4, 0x98, 0x86, 0x8a,
  0x71, 0x27, 0xa7, 0x9c, 0x3e, 0x92, 0x6b, 0xf0, 0x9e, 0x87, 0xb8, 0x78, 0x29, 0x42, 0xbe, 0x62,
  0xb6, 0x91, 0xee, 0xc6, 0x2d, 0xa0, 0x5d, 0xa6, 0xe8, 0x0f, 0x95, 0x57, 0x54, 0x38, 0x26, 0x2a,
  0xd1, 0x87, 0x07, 0x3c, 0x9e, 0x32, 0x0b, 0x90, 0xfe, 0xe7, 0xd8, 0x18, 0x49, 0x22, 0xde, 0x02,
  0x16, 0x31, 0x4e, 0x66, 0x8d, 0x00, 0xfd, 0x06, 0x48, 0xaf, 0x35, 0xb7, 0xb4, 0xd8, 0xc6, 0xca,
  0x31, 0x67, 0xe7, 0xdc, 0x7e, 0xd2, 0xab, 0x30, 0x5e, 0x47, 0x78, 0xb8, 0xe9, 0x82, 0x7e, 0xa2,
  0x76, 0x51, 0x2e, 0x06, 0xed, 0x60, 0x9d, 0x66, 0x28, 0xcf, 0x55, 0x17, 0x14, 0x78, 0x66, 0x6a,
  0x91, 0xc7, 0x47, 0x7c, 0xde, 0x72, 0x4b, 0xd0, 0xbe, 0xa7, 0x98, 0x58, 0x09, 0x62, 0x9e, 0x42,
  0xd6, 0xf1, 0x8e, 0xa6, 0x4d, 0xc0, 0x3d, 0xc6, 0x88, 0x6f, 0xf5, 0x77, 0x74, 0x18, 0x06, 0x0a,
  0xf1, 0xa7, 0x27, 0x1c, 0xbe, 0x12, 0xeb, 0x70, 0x1e, 0x07, 0x38, 0xf8, 0xa9, 0xc2, 0x3e, 0xe2,
  0x36, 0x11, 0x6e, 0x46, 0xad, 0x20, 0xdd, 0x26, 0x68, 0x8f, 0x15, 0xd7, 0xd4, 0xb8, 0xa6, 0xaa,
  0x51, 0x07, 0x87, 0xbc, 0x1e, 0xb2, 0x8b, 0x10, 0x7e, 0x67, 0x58, 0x98, 0xc9, 0xa2, 0x5e, 0x82,
  0x96, 0xb1, 0xce, 0xe6, 0x0d, 0x80, 0x7d, 0x86, 0xc8, 0x2f, 0xb5, 0x37, 0x34, 0x58, 0x46, 0x4a,
  0xb1, 0xe7, 0x67, 0x5c, 0xfe, 0x52, 0x2b, 0xb0, 0xde, 0xc7, 0xf8, 0x38, 0x69, 0x02, 0xfe, 0x22,
  0xf6, 0xd1, 0xae, 0x86, 0x6d, 0xe0, 0x1d, 0xe6, 0xa8, 0x4f, 0xd5, 0x97, 0x94, 0xf8, 0xe6, 0xea,
  0x11, 0x47, 0xc7, 0xfc, 0x5e, 0xf2, 0xcb, 0x50, 0x3e, 0x27, 0x18, 0xd8, 0x89, 0xe2, 0x1e, 0xc2,
  0x56, 0x71, 0x0e, 0x26, 0xcd, 0x40, 0xbd, 0x46, 0x08, 0xef, 0x75, 0xf7, 0xf4, 0x98, 0x86, 0x8a,
  0x71, 0x27, 0xa7, 0x9c, 0x3e, 0x92, 0x6b, 0xf0, 0x9e, 0x87, 0xb8, 0x78, 0x29, 0x42, 0xbe, 0x62,
  0xb6, 0x91, 0xee, 0xc6, 0x2d, 0xa0, 0x5d, 0xa6, 0xe8, 0x0f, 0x95, 0x57, 0x54, 0x38, 0x26, 0x2a,
  0xd1, 0x87, 0x07, 0x3c, 0x9e, 0x32, 0x0b, 0x90, 0xfe, 0xe7, 0xd8, 0x18, 0x49, 0x22, 0xde, 0x02,
  0x16, 0x31, 0x4e, 0x66, 0x8d, 0x00, 0xfd, 0x06, 0x48, 0xaf, 0x35, 0xb7, 0xb4, 0xd8, 0xc6, 0xca,
  0x31, 0x67, 0xe7, 0xdc, 0x7e, 0xd2, 0xab, 0x30, 0x5e, 0x47, 0x78, 0xb8, 0xe9, 0x82, 0x7e, 0xa2,
  0x76, 0x51, 0x2e, 0x06, 0xed, 0x60, 0x9d, 0x66, 0x28, 0xcf, 0x55, 0x17, 0x14, 0x78, 0x66, 0x6a,
  0x91, 0xc7, 0x47, 0x7c, 0xde, 0x72, 0x4b, 0xd0, 0xbe, 0xa7, 0x98, 0x58, 0x09, 0x62, 0x9e, 0x42,
  0xd6, 0xf1, 0x8e, 0xa6, 0x4d, 0xc0, 0x3d, 0xc6, 0x88, 0x6f, 0xf5, 0x77, 0x74, 0x18, 0x06, 0x0a,
  0xf1, 0xa7, 0x27, 0x1c, 0xbe, 0x12, 0xeb, 0x70, 0x1e, 0x07, 0x38, 0xf8, 0xa9, 0xc2, 0x3e, 0xe2,
  0x36, 0x11, 0x6e, 0x46, 0xad, 0x20, 0xdd, 0x26, 0x68, 0x8f, 0x15, 0xd7, 0xd4, 0xb8, 0xa6, 0xaa,
  0x51, 0x07, 0x87, 0xbc, 0x1e, 0xb2, 0x8b, 0x10, 0x7e, 0x67, 0x58, 0x98, 0xc9, 0xa2, 0x5e, 0x82,
  0x96, 0xb1, 0xce, 0xe6, 0x0d, 0x80, 0x7d, 0x86, 0xc8, 0x2f, 0xb5, 0x37, 0x34, 0x58, 0x46, 0x4a,
  0xb1, 0xe7, 0x67, 0x5c, 0xfe, 0x52, 0x2b, 0xb0, 0xde, 0xc7, 0xf8, 0x38, 0x69, 0x02, 0xfe, 0x22,
  0xf6, 0xd1, 0xae, 0x86, 0x6d, 0xe0, 0x1d, 0xe6, 0xa8, 0x4f, 0xd5, 0x97, 0x94, 0xf8, 0xe6, 0xea,
  0x11, 0x47, 0xc7, 0xfc, 0x5e, 0xf2, 0xcb, 0x50, 0x3e, 0x27, 0x18, 0xd8, 0x89, 0xe2, 0x1e, 0xc2,
  0x56, 0x71, 0x0e, 0x26, 0xcd, 0x40, 0xbd, 0x46, 0x08, 0xef, 0x75, 0xf7, 0xf4, 0x98, 0x86, 0x8a,
  0x71, 0x27, 0xa7, 0x9c, 0x3e, 0x92, 0x6b, 0xf0, 0x9e, 0x87, 0xb8, 0x78, 0x29, 0x42, 0xbe, 0x62,
  0xb6, 0x91, 0xee, 0xc6, 0x2d, 0xa0, 0x5d, 0xa6, 0xe8, 0x0f, 0x95, 0x57, 0x54, 0x38, 0x26, 0x2a,
  0xd1, 0x87, 0x07, 0x3c, 0x9e, 0x32, 0x0b, 0x90, 0xfe, 0xe7, 0xd8, 0x18, 0x49, 0x22, 0xde, 0x02,
  0x16, 0x31, 0x4e, 0x66, 0x8d, 0x00, 0xfd, 0x06, 0x48, 0xaf, 0x35, 0xb7, 0xb4, 0xd8, 0xc6, 0xca,
  0x31, 0x67, 0xe7, 0xdc, 0x7e, 0xd2, 0xab, 0x30, 0x5e, 0x47, 0x78, 0xb8, 0xe9, 0x82, 0x7e, 0xa2,
  0x76, 0x51, 0x2e, 0x06, 0xed, 0x60, 0x9d, 0x66, 0x28, 0xcf, 0x55, 0x17, 0x14, 0x78, 0x66, 0x6a,
  0x91, 0xc7, 0x47, 0x7c, 0xde, 0x72, 0x4b, 0xd0, 0xbe, 0xa7, 0x98, 0x58, 0x09, 0x62, 0x9e, 0x42,
  0xd6, 0xf1, 0x8e, 0xa6, 0x4d, 0xc0, 0x3d, 0xc6, 0x88, 0x6f, 0xf5, 0x77, 0x74, 0x18, 0x06, 0x0a,
  0xf1, 0xa7, 0x27, 0x1c, 0xbe, 0x12, 0xeb, 0x70, 0x1e, 0x07, 0x38, 0xf8, 0xa9, 0xc2, 0x3e, 0xe2,
  0x36, 0x11, 0x6e, 0x46, 0xad, 0x20, 0xdd, 0x26, 0x68, 0x8f, 0x15, 0xd7, 0xd4, 0xb8, 0xa6, 0xaa,
  0x51, 0x07, 0x87, 0xbc, 0x1e, 0xb2, 0x8b, 0x10, 0x7e, 0x67, 0x58, 0x98, 0xc9, 0xa2, 0x5e, 0x82,
  0x96, 0xb1, 0xce, 0xe6, 0x0d, 0x80, 0x7d, 0x86, 0xc8, 0x2f, 0xb5, 0x37, 0x34, 0x58, 0x46, 0x4a,
  0xb1, 0xe7, 0x67, 0x5c, 0xfe, 0x52, 0x2b, 0xb0, 0xde, 0xc7, 0xf8, 0x38, 0x69, 0x02, 0xfe, 0x22,
  0xf6, 0xd1, 0xae, 0x86, 0x6d, 0xe0, 0x1d, 0xe6, 0xa8, 0x4f, 0xd5, 0x97, 0x94, 0xf8, 0xe6, 0xea,
  0x11, 0x47, 0xc7, 0xfc, 0x5e, 0xf2, 0xcb, 0x50, 0x3e, 0x27, 0x18, 0xd8, 0x89, 0xe2, 0x1e, 0xc2,
  0x56, 0x71, 0x0e, 0x26, 0xcd, 0x40, 0xbd, 0x46, 0x08, 0xef, 0x75, 0xf7, 0xf4, 0x98, 0x86, 0x8a,
  0x71, 0x27, 0xa7, 0x9c, 0x3e, 0x92, 0x6b, 0xf0, 0x9e, 0x87, 0xb8, 0x78, 0x29, 0x42, 0xbe, 0x62,
  0xb6, 0x91, 0xee, 0xc6, 0x2d, 0xa0, 0x5d, 0xa6, 0xe8, 0x0f, 0x95, 0x57, 0x54, 0x38, 0x26, 0x2a,
  0xd1, 0x87, 0x07, 0x3c, 0x9e, 0x32, 0x0b, 0x90, 0xfe, 0xe7, 0xd8, 0x18, 0x49, 0x22, 0xde, 0x02,
  0x16, 0x31, 0x4e, 0x66, 0x8d, 0x00, 0xfd, 0x06, 0x48, 0xaf, 0x35, 0xb7, 0xb4, 0xd8, 0xc6, 0xca,
  0x31, 0x67, 0xe7, 0xdc, 0x7e, 0xd2, 0xab, 0x30, 0x5e, 0x47, 0x78, 0xb8, 0xe9, 0x82, 0x7e, 0xa2,
  0x76, 0x51, 0x2e, 0x06, 0xed, 0x60, 0x9d, 0x66, 0x28, 0xcf, 0x55, 0x17, 0x14, 0x78, 0x66, 0x6a,
  0x91, 0xc7, 0x47, 0x7c, 0xde, 0x72, 0x4b, 0xd0, 0xbe, 0xa7, 0x98, 0x58, 0x09, 0x62, 0x9e, 0x42,
  0xd6, 0xf1, 0x8e, 0xa6, 0x4d, 0xc0, 0x3d, 0xc6, 0x88, 0x6f, 0xf5, 0x77, 0x74, 0x18, 0x06, 0x0a,
  0xf1, 0xa7, 0x27, 0x1c, 0xbe, 0x12, 0xeb, 0x70, 0x1e, 0x07, 0x38, 0xf8, 0xa9, 0xc2, 0x3e, 0xe2,
  0x36, 0x11, 0x6e, 0x46, 0xad, 0x20, 0xdd, 0x26, 0x68, 0x8f, 0x15, 0xd7, 0xd4, 0xb8, 0xa6, 0xaa,
  0x51, 0x07, 0x87, 0xbc, 0x1e, 0xb2, 0x8b, 0x10, 0x7e, 0x67, 0x58, 0x98, 0xc9, 0xa2, 0x5e, 0x82,
  0x96, 0xb1, 0xce, 0xe6, 0x0d, 0x80, 0x7d, 0x86, 0xc8, 0x2f, 0xb5, 0x37, 0x34, 0x58, 0x46, 0x4a,
  0xb1, 0xe7, 0x67, 0x5c, 0xfe, 0x52, 0x2b, 0xb0, 0xde, 0xc7, 0xf8, 0x38, 0x69, 0x02, 0xfe, 0x22,
  0xf6, 0xd1, 0xae, 0x86, 0x6d, 0xe0, 0x1d, 0xe6, 0xa8, 0x4f, 0xd5, 0x97, 0x94, 0xf8, 0xe6, 0xea,
  0x11, 0x47, 0xc7, 0xfc, 0x5e, 0xf2, 0xcb, 0x50, 0x3e, 0x27, 0x18, 0xd8, 0x89, 0xe2, 0x1e, 0xc2,
  0x56, 0x71, 0x0e, 0x26, 0xcd, 0x40, 0xbd, 0x46, 0x08, 0xef, 0x75, 0xf7, 0xf4, 0x98, 0x86, 0x8a,
  0x71, 0x27, 0xa7, 0x9c, 0x3e, 0x92, 0x6b, 0xf0, 0x9e, 0x87, 0xb8, 0x78, 0x29, 0x42, 0xbe, 0x62,
  0xb6, 0x91, 0xee, 0xc6, 0x2d, 0xa0, 0x5d, 0xa6, 0xe8, 0x0f, 0x95, 0x57, 0x54, 0x38, 0x26, 0x2a,
  0xd1, 0x87, 0x07, 0x3c, 0x9e, 0x32, 0x0b, 0x90, 0xfe, 0xe7, 0xd8, 0x18, 0x49, 0x22, 0xde, 0x02,
  0x16, 0x31, 0x4e, 0x66, 0x8d, 0x00, 0xfd, 0x06, 0x48, 0xaf, 0x35, 0xb7, 0xb4, 0xd8, 0xc6, 0xca,
  0x31, 0x67, 0xe7, 0xdc, 0x7e, 0xd2, 0xab, 0x30, 0x5e, 0x47, 0x78, 0xb8, 0xe9, 0x82, 0x7e, 0xa2,
  0x76, 0x51, 0x2e, 0x06, 0xed, 0x60, 0x9d, 0x66, 0x28, 0xcf, 0x55, 0x17, 0x14, 0x78, 0x66, 0x6a,
  0x91, 0xc7, 0x47, 0x7c, 0xde, 0x72, 0x4b, 0xd0, 0xbe, 0xa7, 0x98, 0x58, 0x09, 0x62, 0x9e, 0x42,
  0xd6, 0xf1, 0x8e, 0xa6, 0x4d, 0xc0, 0x3d, 0xc6, 0x88, 0x6f, 0xf5, 0x77, 0x74, 0x18, 0x06, 0x0a,
  0xf1, 0xa7, 0x27, 0x1c, 0xbe, 0x12, 0xeb, 0x70, 0x1e, 0x07, 0x38, 0xf8, 0xa9, 0xc2, 0x3e, 0xe2,
  0x36, 0x11, 0x6e, 0x46, 0xad, 0x20, 0xdd, 0x26, 0x68, 0x8f, 0x15, 0xd7, 0xd4, 0xb8, 0xa6, 0xaa,
  0x51, 0x07, 0x87, 0xbc, 0x1e, 0xb2, 0x8b, 0x10, 0x7e, 0x67, 0x58, 0x98, 0xc9, 0xa2, 0x5e, 0x82,
  0x96, 0xb1, 0xce, 0xe6, 0x0d, 0x80, 0x7d, 0x86, 0xc8, 0x2f, 0xb5, 0x37, 0x34, 0x58, 0x46, 0x4a,
  0xb1, 0xe7, 0x67, 0x5c, 0xfe, 0x52, 0x2b, 0xb0, 0xde, 0xc7, 0xf8, 0x38, 0x69, 0x02, 0xfe, 0x22,
  0xf6, 0xd1, 0xae, 0x86, 0x6d, 0xe0, 0x1d, 0xe6, 0xa8, 0x4f, 0xd5, 0x97, 0x94, 0xf8, 0xe6, 0xea,
  0x11, 0x47, 0xc7, 0xfc, 0x5e, 0xf2, 0xcb, 0x50, 0x3e, 0x27, 0x18, 0xd8, 0x89, 0xe2, 0x1e, 0xc2,
  0x56, 0x71, 0x0e, 0x26, 0xcd, 0x40, 0xbd, 0x46, 0x08, 0xef, 0x75, 0xf7, 0xf4, 0x98, 0x86, 0x8a,
  0x71, 0x27, 0xa7, 0x9c, 0x3e, 0x92, 0x6b, 0xf0, 0x9e, 0x87, 0xb8, 0x78, 0x29, 0x42, 0xbe, 0x62,
  0xb6, 0x91, 0xee, 0xc6, 0x2d, 0xa0, 0x5d, 0xa6, 0xe8, 0x0f, 0x95, 0x57, 0x54, 0x38, 0x26, 0x2a,
  0xd1, 0x87, 0x07, 0x3c, 0x9e, 0x32, 0x0b, 0x90, 0xfe, 0xe7, 0xd8, 0x18, 0x49, 0x22, 0xde, 0x02,
  0x16, 0x31, 0x4e, 0x66, 0x8d, 0x00, 0xfd, 0x06, 0x48, 0xaf, 0x35, 0xb7, 0xb4, 0xd8, 0xc6, 0xca,
  0x31, 0x67, 0xe7, 0xdc, 0x7e, 0xd2, 0xab, 0x30, 0x5e, 0x47, 0x78, 0xb8, 0xe9, 0x82, 0x7e, 0xa2,
  0x76, 0x51, 0x2e, 0x06, 0xed, 0x60, 0x9d, 0x66, 0x28, 0xcf, 0x55, 0x17, 0x14, 0x78, 0x66, 0x6a,
  0x91, 0xc7, 0x47, 0x7c, 0xde, 0x72, 0x4b, 0xd0, 0xbe, 0xa7, 0x98, 0x58, 0x09, 0x62, 0x9e, 0x42,
  0xd6, 0xf1, 0x8e, 0xa6, 0x4d, 0xc0, 0x3d, 0xc6, 0x88, 0x6f, 0xf5, 0x77, 0x74, 0x18, 0x06, 0x0a,
  0xf1, 0xa7, 0x27, 0x1c, 0xbe, 0x12, 0xeb, 0x70, 0x1e, 0x07, 0x38, 0xf8, 0xa9, 0xc2, 0x3e, 0xe2,
  0x36, 0x11, 0x6e, 0x46, 0xad, 0x20, 0xdd, 0x26, 0x68, 0x8f, 0x15, 0xd7, 0xd4, 0xb8, 0xa6, 0xaa,
  0x51, 0x07, 0x87, 0xbc, 0x1e, 0xb2, 0x8b, 0x10, 0x7e, 0x67, 0x58, 0x98, 0xc9, 0xa2, 0x5e, 0x82,
  0x96, 0xb1, 0xce, 0xe6, 0x0d, 0x80, 0x7d, 0x86, 0xc8, 0x2f, 0xb5, 0x37, 0x34, 0x58, 0x46, 0x4a,
  0xb1, 0xe7, 0x67, 0x5c, 0xfe, 0x52, 0x2b, 0xb0, 0xde, 0xc7, 0xf8, 0x38, 0x69, 0x02, 0xfe, 0x22,
  0xf6, 0xd1, 0xae, 0x86, 0x6d, 0xe0, 0x1d, 0xe6, 0xa8, 0x4f, 0xd5, 0x97, 0x94, 0xf8, 0xe6, 0xea,
  0x11, 0x47, 0xc7, 0xfc, 0x5e, 0xf2, 0xcb, 0x50, 0x3e, 0x27, 0x18, 0xd8, 0x89, 0xe2, 0x1e, 0xc2,
  0x56, 0x71, 0x0e, 0x26, 0xcd, 0x40, 0xbd, 0x46, 0x08, 0xef, 0x75, 0xf7, 0xf4, 0x98, 0x86, 0x8a,
  0x71, 0x27, 0xa7, 0x9c, 0x3e, 0x92, 0x6b, 0xf0, 0x9e, 0x87, 0xb8, 0x78, 0x29, 0x42, 0xbe, 0x62,
  0xb6, 0x91, 0xee, 0xc6, 0x2d, 0xa0, 0x5d, 0xa6, 0xe8, 0x0f, 0x95, 0x57, 0x54, 0x38, 0x26, 0x2a,
  0xd1, 0x87, 0x07, 0x3c, 0x9e, 0x32, 0x0b, 0x90, 0xfe, 0xe7, 0xd8, 0x18, 0x49, 0x22, 0xde, 0x02,
  0x16, 0x31, 0x4e, 0x66, 0x8d, 0x00, 0xfd, 0x06, 0x48, 0xaf, 0x35, 0xb7, 0xb4, 0xd8, 0xc6, 0xca,
  0x31, 0x67, 0xe7, 0xdc, 0x7e, 0xd2, 0xab, 0x30, 0x5e, 0x47, 0x78, 0xb8, 0xe9, 0x82, 0x7e, 0xa2,
  0x76, 0x51, 0x2e, 0x06, 0xed, 0x60, 0x9d, 0x66, 0x28, 0xcf, 0x55, 0x17, 0x14, 0x78, 0x66, 0x6a,
  0x91, 0xc7, 0x47, 0x7c, 0xde, 0x72, 0x4b, 0xd0, 0xbe, 0xa7, 0x98, 0x58, 0x09, 0x62, 0x9e, 0x42,
  0xd6, 0xf1, 0x8e, 0xa6, 0x4d, 0xc0, 0x3d, 0xc6, 0x88, 0x6f, 0xf5, 0x77, 0x74, 0x18, 0x06, 0x0a,
  0xf1, 0xa7, 0x27, 0x1c, 0xbe, 0x12, 0xeb, 0x70, 0x1e, 0x07, 0x38, 0xf8, 0xa9, 0xc2, 0x3e, 0xe2,
  0x36, 0x11, 0x6e, 0x46, 0xad, 0x20, 0xdd, 0x26, 0x68, 0x8f, 0x15, 0xd7, 0xd4, 0xb8, 0xa6, 0xaa,
  0x51, 0x07, 0x87, 0xbc, 0x1e, 0xb2, 0x8b, 0x10, 0x7e, 0x67, 0x58, 0x98, 0xc9, 0xa2, 0x5e, 0x82,
  0x96, 0xb1, 0xce, 0xe6, 0x0d, 0x80, 0x7d, 0x86, 0xc8, 0x2f, 0xb5, 0x37, 0x34, 0x58, 0x46, 0x4a,
  0xb1, 0xe7, 0x67, 0x5c, 0xfe, 0x52, 0x2b, 0xb0, 0xde, 0xc7, 0xf8, 0x38, 0x69, 0x02, 0xfe, 0x22,
  0xf6, 0xd1, 0xae, 0x86, 0x6d, 0xe0, 0x1d, 0xe6, 0xa8, 0x4f, 0xd5, 0x97, 0x94, 0xf8, 0xe6, 0xea,
  0x11, 0x47, 0xc7, 0xfc, 0x5e, 0xf2, 0xcb, 0x50, 0x3e, 0x27, 0x18, 0xd8, 0x89, 0xe2, 0x1e, 0xc2,
  0x56, 0x71, 0x0e, 0x26, 0xcd, 0x40, 0xbd, 0x46, 0x08, 0xef, 0x75, 0xf7, 0xf4, 0x98, 0x86, 0x8a,
  0x71, 0x27, 0xa7, 0x9c, 0x3e, 0x92, 0x6b, 0xf0, 0x9e, 0x87, 0xb8, 0x78, 0x29, 0x42, 0xbe, 0x62,
  0xb6, 0x91, 0xee, 0xc6, 0x2d, 0xa0, 0x5d, 0xa6, 0xe8, 0x0f, 0x95, 0x57, 0x54, 0x38, 0x26, 0x2a,
  0xd1, 0x87, 0x07, 0x3c, 0x9e, 0x32, 0x0b, 0x90, 0xfe, 0xe7, 0xd8, 0x18, 0x49, 0x22, 0xde, 0x02,
  0x16, 0x31, 0x4e, 0x66, 0x8d, 0x00, 0xfd, 0x06, 0x48, 0xaf, 0x35, 0xb7, 0xb4, 0xd8, 0xc6, 0xca,
  0x31, 0x67, 0xe7, 0xdc, 0x7e, 0xd2, 0xab, 0x30, 0x5e, 0x47, 0x78, 0xb8, 0xe9, 0x82, 0x7e, 0xa2,
  0x76, 0x51, 0x2e, 0x06, 0xed, 0x60, 0x9d, 0x66, 0x28, 0xcf, 0x55, 0x17, 0x14, 0x78, 0x66, 0x6a,
  0x91, 0xc7, 0x47, 0x7c, 0xde, 0x72, 0x4b, 0xd0, 0xbe, 0xa7, 0x98, 0x58, 0x09, 0x62, 0x9e, 0x42,
  0xd6, 0xf1, 0x8e, 0xa6, 0x4d, 0xc0, 0x3d, 0xc6, 0x88, 0x6f, 0xf5, 0x77, 0x74, 0x18, 0x06, 0x0a,
  0xf1, 0xa7, 0x27, 0x1c, 0xbe, 0x12, 0xeb, 0x70, 0x1e, 0x07, 0x38, 0xf8, 0xa9, 0xc2, 0x3e, 0xe2,
  0x36, 0x11, 0x6e, 0x46, 0xad, 0x20, 0xdd, 0x26, 0x68, 0x8f, 0x15, 0xd7, 0xd4, 0xb8, 0xa6, 0xaa,
  0x51, 0x07, 0x87, 0xbc, 0x1e, 0xb2, 0x8b, 0x10, 0x7e, 0x67, 0x58, 0x98, 0xc9, 0xa2, 0x5e, 0x82,
  0x96, 0xb1, 0xce, 0xe6, 0x0d, 0x80, 0x7d, 0x86, 0xc8, 0x2f, 0xb5, 0x37, 0x34, 0x58, 0x46, 0x4a,
  0xb1, 0xe7, 0x67, 0x5c, 0xfe, 0x52, 0x2b, 0xb0, 0xde, 0xc7, 0xf8, 0x38, 0x69, 0x02, 0xfe, 0x22,
  0xf6, 0xd1, 0xae, 0x86, 0x6d, 0xe0, 0x1d, 0xe6, 0xa8, 0x4f, 0xd5, 0x97, 0x94, 0xf8, 0xe6, 0xea,
  0x11, 0x47, 0xc7, 0xfc, 0x5e, 0xf2, 0xcb, 0x50, 0x3e, 0x27, 0x18, 0xd8, 0x89, 0xe2, 0x1e, 0xc2,
  0x56, 0x71, 0x0e, 0x26, 0xcd, 0x40, 0xbd, 0x46, 0x08, 0xef, 0x75, 0xf7, 0xf4, 0x98, 0x86, 0x8a,
  0x71, 0x27, 0xa7, 0x9c, 0x3e, 0x92, 0x6b, 0xf0, 0x9e, 0x87, 0xb8, 0x78, 0x29, 0x42, 0xbe, 0x62,
  0xb6, 0x91, 0xee, 0xc6, 0x2d, 0xa0, 0x5d, 0xa6, 0xe8, 0x0f, 0x95, 0x57, 0x54, 0x38, 0x26, 0x2a,
  0xd1, 0x87, 0x07, 0x3c, 0x9e, 0x32, 0x0b, 0x90, 0xfe, 0xe7, 0xd8, 0x18, 0x49, 0x22, 0xde, 0x02,
  0x16, 0x31, 0x4e, 0x66, 0x8d, 0x00, 0xfd, 0x06, 0x48, 0xaf, 0x35, 0xb7, 0xb4, 0xd8, 0xc6, 0xca,
  0x31, 0x67, 0xe7, 0xdc, 0x7e, 0xd2, 0xab, 0x30, 0x5e, 0x47, 0x78, 0xb8, 0xe9, 0x82, 0x7e, 0xa2,
  0x76, 0x51, 0x2e, 0x06, 0xed, 0x60, 0x9d, 0x66, 0x28, 0xcf, 0x55, 0x17, 0x14, 0x78, 0x66, 0x6a,
  0x91, 0xc7, 0x47, 0x7c, 0xde, 0x72, 0x4b, 0xd0, 0xbe, 0xa7, 0x98, 0x58, 0x09, 0x62, 0x9e, 0x42,
  0xd6, 0xf1, 0x8e, 0xa6, 0x4d, 0xc0, 0x3d, 0xc6, 0x88, 0x6f, 0xf5, 0x77, 0x74, 0x18, 0x06, 0x0a,
  0xf1, 0xa7, 0x27, 0x1c, 0xbe, 0x12, 0xeb, 0x70, 0x1e, 0x07, 0x38, 0xf8, 0xa9, 0xc2, 0x3e, 0xe2,
  0x36, 0x11, 0x6e, 0x46, 0xad, 0x20, 0xdd, 0x26, 0x68, 0x8f, 0x15, 0xd7, 0xd4, 0xb8, 0xa6, 0xaa,
  0x51, 0x07, 0x87, 0xbc, 0x1e, 0xb2, 0x8b, 0x10, 0x7e, 0x67, 0x58, 0x98, 0xc9, 0xa2, 0x5e, 0x82,
  0x96, 0xb1, 0xce, 0xe6, 0x0d, 0x80, 0x7d, 0x86, 0xc8, 0x2f, 0xb5, 0x37, 0x34, 0x58, 0x46, 0x4a,
  0xb1, 0xe7, 0x67, 0x5c, 0xfe, 0x52, 0x2b, 0xb0, 0xde, 0xc7, 0xf8, 0x38, 0x69, 0x02, 0xfe, 0x22,
  0xf6, 0xd1, 0xae, 0x86, 0x6d, 0xe0, 0x1d, 0xe6, 0xa8, 0x4f, 0xd5, 0x97, 0x94, 0xf8, 0xe6, 0xea,
  0x11, 0x47, 0xc7, 0xfc, 0x5e, 0xf2, 0xcb, 0x50, 0x3e, 0x27, 0x18, 0xd8, 0x89, 0xe2, 0x1e, 0xc2,
  0x56, 0x71, 0x0e, 0x26, 0xcd, 0x40, 0xbd, 0x46, 0x08, 0xef, 0x75, 0xf7, 0xf4, 0x98, 0x86, 0x8a,
  0x71, 0x27, 0xa7, 0x9c, 0x3e, 0x92, 0x6b, 0xf0, 0x9e, 0x87, 0xb8, 0x78, 0x29, 0x42, 0xbe, 0x62,
  0xb6, 0x91, 0xee, 0xc6, 0x2d, 0xa0, 0x5d, 0xa6, 0xe8, 0x0f, 0x95, 0x57, 0x54, 0x38, 0x26, 0x2a,
  0xd1, 0x87, 0x07, 0x3c, 0x9e, 0x32, 0x0b, 0x90, 0xfe, 0xe7, 0xd8, 0x18, 0x49, 0x22, 0xde, 0x02,
  0x16, 0x31, 0x4e, 0x66, 0x8d, 0x00, 0xfd, 0x06, 0x48, 0xaf, 0x35, 0xb7, 0xb4, 0xd8, 0xc6, 0xca,
  0x31, 0x67, 0xe7, 0xdc, 0x7e, 0xd2, 0xab, 0x30, 0x5e, 0x47, 0x78, 0xb8, 0xe9, 0x82, 0x7e, 0xa2,
  0x76, 0x51, 0x2e, 0x06, 0xed, 0x60, 0x9d, 0x66, 0x28, 0xcf, 0x55, 0x17, 0x14, 0x78, 0x66, 0x6a,
  0x91, 0xc7, 0x47, 0x7c, 0xde, 0x72, 0x4b, 0xd0, 0xbe, 0xa7, 0x98, 0x58, 0x09, 0x62, 0x9e, 0x42,
  0xd6, 0xf1, 0x8e, 0xa6, 0x4d, 0xc0, 0x3d, 0xc6, 0x88, 0x6f, 0xf5, 0x77, 0x74, 0x18, 0x06, 0x0a,
  0xf1, 0xa7, 0x27, 0x1c, 0xbe, 0x12, 0xeb, 0x70, 0x1e, 0x07, 0x38, 0xf8, 0xa9, 0xc2, 0x3e, 0xe2,
  0x36, 0x11, 0x6e, 0x46, 0xad, 0x20, 0xdd, 0x26, 0x68, 0x8f, 0x15, 0xd7, 0xd4, 0xb8, 0xa6, 0xaa,
  0x51, 0x07, 0x87, 0xbc, 0x1e, 0xb2, 0x8b, 0x10, 0x7e, 0x67, 0x58, 0x98, 0xc9, 0xa2, 0x5e, 0x82,
  0x96, 0xb1, 0xce, 0xe6, 0x0d, 0x80, 0x7d, 0x86, 0xc8, 0x2f, 0xb5, 0x37, 0x34, 0x58, 0x46, 0x4a,
  0xb1, 0xe7, 0x67, 0x5c, 0xfe, 0x52, 0x2b, 0xb0, 0xde, 0xc7, 0xf8, 0x38, 0x69, 0x02, 0xfe, 0x22,
  0xf6, 0xd1, 0xae, 0x86, 0x6d, 0xe0, 0x1d, 0xe6, 0xa8, 0x4f, 0xd5, 0x97, 0x94, 0xf8, 0xe6, 0xea,
  0x11, 0x47, 0xc7, 0xfc, 0x5e, 0xf2, 0xcb, 0x50, 0x3e, 0x27, 0x18, 0xd8, 0x89, 0xe2, 0x1e, 0xc2,
  0x56, 0x71, 0x0e, 0x26, 0xcd, 0x40, 0xbd, 0x46, 0x08, 0xef, 0x75, 0xf7, 0xf4, 0x98, 0x86, 0x8a,
  0x71, 0x27, 0xa7, 0x9c, 0x3e, 0x92, 0x6b, 0xf0, 0x9e, 0x87, 0xb8, 0x78, 0x29, 0x42, 0xbe, 0x62,
  0xb6, 0x91, 0xee, 0xc6, 0x2d, 0xa0, 0x5d, 0xa6, 0xe8, 0x0f, 0x95, 0x57, 0x54, 0x38, 0x26, 0x2a,
  0xd1, 0x87, 0x07, 0x3c, 0x9e, 0x32, 0x0b, 0x90, 0xfe, 0xe7, 0xd8, 0x18, 0x49, 0x22, 0xde, 0x02,
  0x16, 0x31, 0x4e, 0x66, 0x8d, 0x00, 0xfd, 0x06, 0x48, 0xaf, 0x35, 0xb7, 0xb4, 0xd8, 0xc6, 0xca,
  0x31, 0x67, 0xe7, 0xdc, 0x7e, 0xd2, 0xab, 0x30, 0x5e, 0x47, 0x78, 0xb8, 0xe9, 0x82, 0x7e, 0xa2,
  0x76, 0x51, 0x2e, 0x06, 0xed, 0x60, 0x9d, 0x66, 0x28, 0xcf, 0x55, 0x17, 0x14, 0x78, 0x66, 0x6a,
  0x91, 0xc7, 0x47, 0x7c, 0xde, 0x72, 0x4b, 0xd0, 0xbe, 0xa7, 0x98, 0x58, 0x09, 0x62, 0x9e, 0x42,
  0xd6, 0xf1, 0x8e, 0xa6, 0x4d, 0xc0, 0x3d, 0xc6, 0x88, 0x6f, 0xf5, 0x77, 0x74, 0x18, 0x06, 0x0a,
  0xf1, 0xa7, 0x27, 0x1c, 0xbe, 0x12, 0xeb, 0x70, 0x1e, 0x07, 0x38, 0xf8, 0xa9, 0xc2, 0x3e, 0xe2,
  0x36, 0x11, 0x6e, 0x46, 0xad, 0x20, 0xdd, 0x26, 0x68, 0x8f, 0x15, 0xd7, 0xd4, 0xb8, 0xa6, 0xaa,
  0x51, 0x07, 0x87, 0xbc, 0x1e, 0xb2, 0x8b, 0x10, 0x7e, 0x67, 0x58, 0x98, 0xc9, 0xa2, 0x5e, 0x82,
  0x96, 0xb1, 0xce, 0xe6, 0x0d, 0x80, 0x7d, 0x86, 0xc8, 0x2f, 0xb5, 0x37, 0x34, 0x58, 0x46, 0x4a,
  0xb1, 0xe7, 0x67, 0x5c, 0xfe, 0x52, 0x2b, 0xb0, 0xde, 0xc7, 0xf8, 0x38, 0x69, 0x02, 0xfe, 0x22,
  0xf6, 0xd1, 0xae, 0x86, 0x6d, 0xe0, 0x1d, 0xe6, 0xa8, 0x4f, 0xd5, 0x97, 0x94, 0xf8, 0xe6, 0xea,
  0x11, 0x47, 0xc7, 0xfc, 0x5e, 0xf2, 0xcb, 0x50, 0x3e, 0x27, 0x18, 0xd8, 0x89, 0xe2, 0x1e, 0xc2,
  0x56, 0x71, 0x0e, 0x26, 0xcd, 0x40, 0xbd, 0x46, 0x08, 0xef, 0x75, 0xf7, 0xf4, 0x98, 0x86, 0x8a,
  0x71, 0x27, 0xa7, 0x9c, 0x3e, 0x92, 0x6b, 0xf0, 0x9e, 0x87, 0xb8, 0x78, 0x29, 0x42, 0xbe, 0x62,
  0xb6, 0x91, 0xee, 0xc6, 0x2d, 0xa0, 0x5d, 0xa6, 0xe8, 0x0f, 0x95, 0x57, 0x54, 0x38, 0x26, 0x2a,
  0xd1, 0x87, 0x07, 0x3c, 0x9e, 0x32, 0x0b, 0x90, 0xfe, 0xe7, 0xd8, 0x18, 0x49, 0x22, 0xde, 0x02,
  0x16, 0x31, 0x4e, 0x66, 0x8d, 0x00, 0xfd, 0x06, 0x48, 0xaf, 0x35, 0xb7, 0xb4, 0xd8, 0xc6, 0xca,
  0x31, 0x67, 0xe7, 0xdc, 0x7e, 0xd2, 0xab, 0x30, 0x5e, 0x47, 0x78, 0xb8, 0xe9, 0x82, 0x7e, 0xa2,
  0x76, 0x51, 0x2e, 0x06, 0xed, 0x60, 0x9d, 0x66, 0x28, 0xcf, 0x55, 0x17, 0x14, 0x78, 0x66, 0x6a,
  0x91, 0xc7, 0x47, 0x7c, 0xde, 0x72, 0x4b, 0xd0, 0xbe, 0xa7, 0x98, 0x58, 0x09, 0x62, 0x9e, 0x42,
  0xd6, 0xf1, 0x8e, 0xa6, 0x4d, 0xc0, 0x3d, 0xc6, 0x88, 0x6f, 0xf5, 0x77, 0x74, 0x18, 0x06, 0x0a,
  0xf1, 0xa7, 0x27, 0x1c, 0xbe, 0x12, 0xeb, 0x70, 0x1e, 0x07, 0x38, 0xf8, 0xa9, 0xc2, 0x3e, 0xe2,
  0x36, 0x11, 0x6e, 0x46, 0xad, 0x20, 0xdd, 0x26, 0x68, 0x8f, 0x15, 0xd7, 0xd4, 0xb8, 0xa6, 0xaa,
  0x51, 0x07, 0x87, 0xbc, 0x1e, 0xb2, 0x8b, 0x10, 0x7e, 0x67, 0x58, 0x98, 0xc9, 0xa2, 0x5e, 0x82,
  0x96, 0xb1, 0xce, 0xe6, 0x0d, 0x80, 0x7d, 0x86, 0xc8, 0x2f, 0xb5, 0x37, 0x34, 0x58, 0x46, 0x4a,
  0xb1, 0xe7, 0x67, 0x5c, 0xfe, 0x52, 0x2b, 0xb0, 0xde, 0xc7, 0xf8, 0x38, 0x69, 0x02, 0xfe, 0x22,
  0xf6, 0xd1, 0xae, 0x86, 0x6d, 0xe0, 0x1d, 0xe6, 0xa8, 0x4f, 0xd5, 0x97, 0x94, 0xf8, 0xe6, 0xea,
  0x11, 0x47, 0xc7, 0xfc, 0x5e, 0xf2, 0xcb, 0x50, 0x3e, 0x27, 0x18, 0xd8, 0x89, 0xe2, 0x1e, 0xc2,
  0x56, 0x71, 0x0e, 0x26, 0xcd, 0x40, 0xbd, 0x46, 0x08, 0xef, 0x75, 0xf7, 0xf4, 0x98, 0x86, 0x8a,
  0x71, 0x27, 0xa7, 0x9c, 0x3e, 0x92, 0x6b, 0xf0, 0x9e, 0x87, 0xb8, 0x78, 0x29, 0x42, 0xbe, 0x62,
  0xb6, 0x91, 0xee, 0xc6, 0x2d, 0xa0, 0x5d, 0xa6, 0xe8, 0x0f, 0x95, 0x57, 0x54, 0x38, 0x26, 0x2a,
  0xd1, 0x87, 0x07, 0x3c, 0x9e, 0x32, 0x0b, 0x90, 0xfe, 0xe7, 0xd8, 0x18, 0x49, 0x22, 0xde, 0x02,
  0x16, 0x31, 0x4e, 0x66, 0x8d, 0x00, 0xfd, 0x06, 0x48, 0xaf, 0x35, 0xb7, 0xb4, 0xd8, 0xc6, 0xca,
  0x31, 0x67, 0xe7, 0xdc, 0x7e, 0xd2, 0xab, 0x30, 0x5e, 0x47, 0x78, 0xb8, 0xe9, 0x82, 0x7e, 0xa2,
  0x76, 0x51, 0x2e, 0x06, 0xed, 0x60, 0x9d, 0x66, 0x28, 0xcf, 0x55, 0x17, 0x14, 0x78, 0x66, 0x6a,
  0x91, 0xc7, 0x47, 0x7c, 0xde, 0x72, 0x4b, 0xd0, 0xbe, 0xa7, 0x98, 0x58, 0x09, 0x62, 0x9e, 0x42,
  0xd6, 0xf1, 0x8e, 0xa6, 0x4d, 0xc0, 0x3d, 0xc6, 0x88, 0x6f, 0xf5, 0x77, 0x74, 0x18, 0x06, 0x0a,
  0xf1, 0xa7, 0x27, 0x1c, 0xbe, 0x12, 0xeb, 0x70, 0x1e, 0x07, 0x38, 0xf8, 0xa9, 0xc2, 0x3e, 0xe2,
  0x36, 0x11, 0x6e, 0x46, 0xad, 0x20, 0xdd, 0x26, 0x68, 0x8f, 0x15, 0xd7, 0xd4, 0xb8, 0xa6, 0xaa,
  0x51, 0x07, 0x87, 0xbc, 0x1e, 0xb2, 0x8b, 0x10, 0x7e, 0x67, 0x58, 0x98, 0xc9, 0xa2, 0x5e, 0x82,
  0x96, 0xb1, 0xce, 0xe6, 0x0d, 0x80, 0x7d, 0x86, 0xc8, 0x2f, 0xb5, 0x37, 0x34, 0x58, 0x46, 0x4a,
  0xb1, 0xe7, 0x67, 0x5c, 0xfe, 0x52, 0x2b, 0xb0, 0xde, 0xc7, 0xf8, 0x38, 0x69, 0x02, 0xfe, 0x22,
  0xf6, 0xd1, 0xae, 0x86, 0x6d, 0xe0, 0x1d, 0xe6, 0xa8, 0x4f, 0xd5, 0x97, 0x94, 0xf8, 0xe6, 0xea,
  0x11, 0x47, 0xc7, 0xfc, 0x5e, 0xf2, 0xcb, 0x50, 0x3e, 0x27, 0x18, 0xd8, 0x89, 0xe2, 0x1e, 0xc2,
  0x56, 0x71, 0x0e, 0x26, 0xcd, 0x40, 0xbd, 0x46, 0x08, 0xef, 0x75, 0xf7, 0xf4, 0x98, 0x86, 0x8a,
  0x71, 0x27, 0xa7, 0x9c, 0x3e, 0x92, 0x6b, 0xf0, 0x9e, 0x87, 0xb8, 0x78, 0x29, 0x42, 0xbe, 0x62,
  0xb6, 0x91, 0xee, 0xc6, 0x2d, 0xa0, 0x5d, 0xa6, 0xe8, 0x0f, 0x95, 0x57, 0x54, 0x38, 0x26, 0x2a,
  0xd1, 0x87, 0x07, 0x3c, 0x9e, 0x32, 0x0b, 0x90, 0xfe, 0xe7, 0xd8, 0x18, 0x49, 0x22, 0xde, 0x02,
  0x16, 0x31, 0x4e, 0x66, 0x8d, 0x00, 0xfd, 0x06, 0x48, 0xaf, 0x35, 0xb7, 0xb4, 0xd8, 0xc6, 0xca,
  0x31, 0x67, 0xe7, 0xdc, 0x7e, 0xd2, 0xab, 0x30, 0x5e, 0x47, 0x78, 0xb8, 0xe9, 0x82, 0x7e, 0xa2,
  0x76, 0x51, 0x2e, 0x06, 0xed, 0x60, 0x9d, 0x66, 0x28, 0xcf, 0x55, 0x17, 0x14, 0x78, 0x66, 0x6a,
  0x91, 0xc7, 0x47, 0x7c, 0xde, 0x72, 0x4b, 0xd0, 0xbe, 0xa7, 0x98, 0x58, 0x09, 0x62, 0x9e, 0x42,
  0xd6, 0xf1, 0x8e, 0xa6, 0x4d, 0xc0, 0x3d, 0xc6, 0x88, 0x6f, 0xf5, 0x77, 0x74, 0x18, 0x06, 0x0a,
  0xf1, 0xa7, 0x27, 0x1c, 0xbe, 0x12, 0xeb, 0x70, 0x1e, 0x07, 0x38, 0xf8, 0xa9, 0xc2, 0x3e, 0xe2,
  0x36, 0x11, 0x6e, 0x46, 0xad, 0x20, 0xdd, 0x26, 0x68, 0x8f, 0x15, 0xd7, 0xd4, 0xb8, 0xa6, 0xaa,
  0x51, 0x07, 0x87, 0xbc, 0x1e, 0xb2, 0x8b, 0x10, 0x7e, 0x67, 0x58, 0x98, 0xc9, 0xa2, 0x5e, 0x82,
  0x96, 0xb1, 0xce, 0xe6, 0x0d, 0x80, 0x7d, 0x86, 0xc8, 0x2f, 0xb5, 0x37, 0x34, 0x58, 0x46, 0x4a,
  0xb1, 0xe7, 0x67, 0x5c, 0xfe, 0x52, 0x2b, 0xb0, 0xde, 0xc7, 0xf8, 0x38, 0x69, 0x02, 0xfe, 0x22,
  0xf6, 0xd1, 0xae, 0x86, 0x6d, 0xe0, 0x1d, 0xe6, 0xa8, 0x4f, 0xd5, 0x97, 0x94, 0xf8, 0xe6, 0xea,
  0x11, 0x47, 0xc7, 0xfc, 0x5e, 0xf2, 0xcb, 0x50, 0x3e, 0x27, 0x18, 0xd8, 0x89, 0xe2, 0x1e, 0xc2,
  0x56, 0x71, 0x0e, 0x26, 0xcd, 0x40, 0xbd, 0x46, 0x08, 0xef, 0x75, 0xf7, 0xf4, 0x98, 0x86, 0x8a,
  0x71, 0x27, 0xa7, 0x9c, 0x3e, 0x92, 0x6b, 0xf0, 0x9e, 0x87, 0xb8, 0x78, 0x29, 0x42, 0xbe, 0x62,
  0xb6, 0x91, 0xee, 0xc6, 0x2d, 0xa0, 0x5d, 0xa6, 0xe8, 0x0f, 0x95, 0x57, 0x54, 0x38, 0x26, 0x2a,
  0xd1, 0x87, 0x07, 0x3c, 0x9e, 0x32, 0x0b, 0x90, 0xfe, 0xe7, 0xd8, 0x18, 0x49, 0x22, 0xde, 0x02,
  0x16, 0x31, 0x4e, 0x66, 0x8d, 0x00, 0xfd, 0x06, 0x48, 0xaf, 0x35, 0xb7, 0xb4, 0xd8, 0xc6, 0xca,
  0x31, 0x67, 0xe7, 0xdc, 0x7e, 0xd2, 0xab, 0x30, 0x5e, 0x47, 0x78, 0xb8, 0xe9, 0x82, 0x7e, 0xa2,
  0x76, 0x51, 0x2e, 0x06, 0xed, 0x60, 0x9d, 0x66, 0x28, 0xcf, 0x55, 0x17, 0x14, 0x78, 0x66, 0x6a,
  0x91, 0xc7, 0x47, 0x7c, 0xde, 0x72, 0x4b, 0xd0, 0xbe, 0xa7, 0x98, 0x58, 0x09, 0x62, 0x9e, 0x42,
  0xd6, 0xf1, 0x8e, 0xa6, 0x4d, 0xc0, 0x3d, 0xc6, 0x88, 0x6f, 0xf5, 0x77, 0x74, 0x18, 0x06, 0x0a,
  0xf1, 0xa7, 0x27, 0x1c, 0xbe, 0x12, 0xeb, 0x70, 0x1e, 0x07, 0x38, 0xf8, 0xa9, 0xc2, 0x3e, 0xe2,
  0x36, 0x11, 0x6e, 0x46, 0xad, 0x20, 0xdd, 0x26, 0x68, 0x8f, 0x15, 0xd7, 0xd4, 0xb8, 0xa6, 0xaa,
  0x51, 0x07, 0x87, 0xbc, 0x1e, 0xb2, 0x8b, 0x10, 0x7e, 0x67, 0x58, 0x98, 0xc9, 0xa2, 0x5e, 0x82,
};

